YEAR,MONTH,DAY_OF_MONTH,DAY_OF_WEEK,FL_DATE,CARRIER,ORIGIN_AIRPORT_ID,ORIGIN,ORIGIN_CITY_NAME,ORIGIN_WAC,DEST_AIRPORT_ID,DEST,DEST_CITY_NAME,DEST_WAC,DEP_TIME,DEP_DELAY,DEP_DEL15,ARR_TIME,ARR_DELAY,ARR_DEL15,CANCELLED,FLIGHTS,DISTANCE_GROUP
2016,1,15,5,1/15/2016,VX,14262,PSP,"Palm Springs, CA",91,14771,SFO,"San Francisco, CA",91,2031,-9,0,2203,-7,0,0,1,2
2016,1,15,5,1/15/2016,VX,12264,IAD,"Washington, DC",38,14771,SFO,"San Francisco, CA",91,1041,41,1,,,,1,1,10
2016,1,15,5,1/15/2016,VX,11259,DAL,"Dallas, TX",74,12953,LGA,"New York, NY",22,1327,2,0,1729,-11,0,0,1,6
2016,1,15,5,1/15/2016,VX,14771,SFO,"San Francisco, CA",91,11259,DAL,"Dallas, TX",74,723,3,0,1235,-10,0,0,1,6
2016,1,15,5,1/15/2016,VX,11259,DAL,"Dallas, TX",74,14771,SFO,"San Francisco, CA",91,756,-4,0,944,-6,0,0,1,6
2016,1,15,5,1/15/2016,VX,14771,SFO,"San Francisco, CA",91,11259,DAL,"Dallas, TX",74,1251,-4,0,1806,-14,0,0,1,6
2016,1,15,5,1/15/2016,VX,11259,DAL,"Dallas, TX",74,14771,SFO,"San Francisco, CA",91,1435,-5,0,1612,-18,0,0,1,6
2016,1,15,5,1/15/2016,VX,11278,DCA,"Washington, DC",38,11259,DAL,"Dallas, TX",74,1119,-1,0,1334,-16,0,0,1,5
2016,1,15,5,1/15/2016,VX,11259,DAL,"Dallas, TX",74,14771,SFO,"San Francisco, CA",91,1801,-4,0,1951,-4,0,0,1,6
2016,1,15,5,1/15/2016,VX,14771,SFO,"San Francisco, CA",91,11259,DAL,"Dallas, TX",74,1716,-4,0,2231,-14,0,0,1,6
2016,1,15,5,1/15/2016,VX,11259,DAL,"Dallas, TX",74,11278,DCA,"Washington, DC",38,653,-7,0,1024,-16,0,0,1,5
2016,1,15,5,1/15/2016,VX,12889,LAS,"Las Vegas, NV",85,11259,DAL,"Dallas, TX",74,125,-5,0,555,-15,0,0,1,5
2016,1,15,5,1/15/2016,VX,11259,DAL,"Dallas, TX",74,12889,LAS,"Las Vegas, NV",85,1024,-1,0,1127,12,0,0,1,5
2016,1,15,5,1/15/2016,VX,11278,DCA,"Washington, DC",38,11259,DAL,"Dallas, TX",74,659,-1,0,942,2,0,0,1,5
2016,1,15,5,1/15/2016,VX,11278,DCA,"Washington, DC",38,11259,DAL,"Dallas, TX",74,1818,-12,0,2033,-26,0,0,1,5
2016,1,15,5,1/15/2016,VX,14771,SFO,"San Francisco, CA",91,14747,SEA,"Seattle, WA",93,820,-5,0,1035,5,0,0,1,3
2016,1,15,5,1/15/2016,VX,14771,SFO,"San Francisco, CA",91,14747,SEA,"Seattle, WA",93,1424,-1,0,1628,3,0,0,1,3
2016,1,15,5,1/15/2016,VX,14771,SFO,"San Francisco, CA",91,14747,SEA,"Seattle, WA",93,1620,-5,0,1822,-3,0,0,1,3
2016,1,15,5,1/15/2016,VX,14747,SEA,"Seattle, WA",93,14771,SFO,"San Francisco, CA",91,659,-1,0,845,-25,0,0,1,3
2016,1,15,5,1/15/2016,VX,14771,SFO,"San Francisco, CA",91,14679,SAN,"San Diego, CA",91,951,-4,0,1110,-10,0,0,1,2
2016,1,15,5,1/15/2016,VX,14771,SFO,"San Francisco, CA",91,14747,SEA,"Seattle, WA",93,2050,5,0,2246,1,0,0,1,3
2016,1,15,5,1/15/2016,VX,14747,SEA,"Seattle, WA",93,14771,SFO,"San Francisco, CA",91,1115,0,0,1310,-10,0,0,1,3
2016,1,15,5,1/15/2016,VX,14747,SEA,"Seattle, WA",93,14771,SFO,"San Francisco, CA",91,1721,11,0,1918,8,0,0,1,3
2016,1,15,5,1/15/2016,VX,14747,SEA,"Seattle, WA",93,14771,SFO,"San Francisco, CA",91,1913,3,0,2109,-6,0,0,1,3
2016,1,15,5,1/15/2016,VX,12953,LGA,"New York, NY",22,11259,DAL,"Dallas, TX",74,652,-8,0,933,-27,0,0,1,6
2016,1,15,5,1/15/2016,VX,11259,DAL,"Dallas, TX",74,12953,LGA,"New York, NY",22,703,-2,0,1101,-24,0,0,1,6
2016,1,15,5,1/15/2016,VX,12953,LGA,"New York, NY",22,11259,DAL,"Dallas, TX",74,1213,-2,0,1521,6,0,0,1,6
2016,1,15,5,1/15/2016,VX,11259,DAL,"Dallas, TX",74,12953,LGA,"New York, NY",22,1036,-4,0,1434,-16,0,0,1,6
2016,1,15,5,1/15/2016,VX,12953,LGA,"New York, NY",22,11259,DAL,"Dallas, TX",74,1530,-5,0,1820,-20,0,0,1,6
2016,1,15,5,1/15/2016,VX,12953,LGA,"New York, NY",22,11259,DAL,"Dallas, TX",74,1828,-2,0,2125,-10,0,0,1,6
2016,1,15,5,1/15/2016,VX,11259,DAL,"Dallas, TX",74,12953,LGA,"New York, NY",22,1706,6,0,2110,-5,0,0,1,6
2016,1,15,5,1/15/2016,VX,12889,LAS,"Las Vegas, NV",85,11259,DAL,"Dallas, TX",74,1226,31,1,1700,25,1,0,1,5
2016,1,15,5,1/15/2016,VX,11259,DAL,"Dallas, TX",74,12889,LAS,"Las Vegas, NV",85,1928,-7,0,2022,-3,0,0,1,5
2016,1,15,5,1/15/2016,VX,12264,IAD,"Washington, DC",38,14771,SFO,"San Francisco, CA",91,1903,43,1,2143,18,1,0,1,10
2016,1,15,5,1/15/2016,VX,12892,LAX,"Los Angeles, CA",91,14747,SEA,"Seattle, WA",93,654,-6,0,955,20,1,0,1,4
2016,1,15,5,1/15/2016,VX,14747,SEA,"Seattle, WA",93,12892,LAX,"Los Angeles, CA",91,1033,13,0,1256,1,0,0,1,4
2016,1,15,5,1/15/2016,VX,12892,LAX,"Los Angeles, CA",91,14747,SEA,"Seattle, WA",93,1439,-6,0,1727,2,0,0,1,4
2016,1,15,5,1/15/2016,VX,12892,LAX,"Los Angeles, CA",91,14747,SEA,"Seattle, WA",93,1746,-9,0,2018,-17,0,0,1,4
2016,1,15,5,1/15/2016,VX,14747,SEA,"Seattle, WA",93,12892,LAX,"Los Angeles, CA",91,1806,1,0,2030,-10,0,0,1,4
2016,1,15,5,1/15/2016,VX,14771,SFO,"San Francisco, CA",91,14057,PDX,"Portland, OR",92,2109,24,1,2244,19,1,0,1,3
2016,1,15,5,1/15/2016,VX,14679,SAN,"San Diego, CA",91,14771,SFO,"San Francisco, CA",91,655,-5,0,833,4,0,0,1,2
2016,1,15,5,1/15/2016,VX,14771,SFO,"San Francisco, CA",91,12264,IAD,"Washington, DC",38,921,-4,0,1744,19,1,0,1,10
2016,1,15,5,1/15/2016,VX,11259,DAL,"Dallas, TX",74,12892,LAX,"Los Angeles, CA",91,804,-1,0,926,-4,0,0,1,5
2016,1,15,5,1/15/2016,VX,11259,DAL,"Dallas, TX",74,11278,DCA,"Washington, DC",38,1335,-10,0,1712,-13,0,0,1,5
2016,1,15,5,1/15/2016,VX,12892,LAX,"Los Angeles, CA",91,11259,DAL,"Dallas, TX",74,755,-5,0,1240,-10,0,0,1,5
2016,1,15,5,1/15/2016,VX,12892,LAX,"Los Angeles, CA",91,11259,DAL,"Dallas, TX",74,1021,1,0,1505,-15,0,0,1,5
2016,1,15,5,1/15/2016,VX,11259,DAL,"Dallas, TX",74,11278,DCA,"Washington, DC",38,1757,-3,0,2130,-10,0,0,1,5
2016,1,15,5,1/15/2016,VX,12892,LAX,"Los Angeles, CA",91,11259,DAL,"Dallas, TX",74,1220,-5,0,1714,-6,0,0,1,5
2016,1,15,5,1/15/2016,VX,11259,DAL,"Dallas, TX",74,12892,LAX,"Los Angeles, CA",91,1123,8,0,1246,11,0,0,1,5
2016,1,15,5,1/15/2016,VX,12892,LAX,"Los Angeles, CA",91,11259,DAL,"Dallas, TX",74,1725,0,0,2214,-6,0,0,1,5
2016,1,15,5,1/15/2016,VX,11259,DAL,"Dallas, TX",74,12892,LAX,"Los Angeles, CA",91,1601,-4,0,1723,-2,0,0,1,5
2016,1,15,5,1/15/2016,VX,11259,DAL,"Dallas, TX",74,12892,LAX,"Los Angeles, CA",91,1908,-2,0,2016,-14,0,0,1,5
2016,1,15,5,1/15/2016,VX,12264,IAD,"Washington, DC",38,12892,LAX,"Los Angeles, CA",91,858,-2,0,1140,-10,0,0,1,10
2016,1,15,5,1/15/2016,VX,14771,SFO,"San Francisco, CA",91,12889,LAS,"Las Vegas, NV",85,804,-1,0,927,-8,0,0,1,2
2016,1,15,5,1/15/2016,VX,12889,LAS,"Las Vegas, NV",85,14771,SFO,"San Francisco, CA",91,1220,-5,0,1358,-7,0,0,1,2
2016,1,15,5,1/15/2016,VX,14771,SFO,"San Francisco, CA",91,12889,LAS,"Las Vegas, NV",85,1005,-5,0,1126,-19,0,0,1,2
2016,1,15,5,1/15/2016,VX,12889,LAS,"Las Vegas, NV",85,14771,SFO,"San Francisco, CA",91,1014,-6,0,1155,-5,0,0,1,2
2016,1,15,5,1/15/2016,VX,14771,SFO,"San Francisco, CA",91,12889,LAS,"Las Vegas, NV",85,1157,-8,0,1329,-6,0,0,1,2
2016,1,15,5,1/15/2016,VX,14771,SFO,"San Francisco, CA",91,12889,LAS,"Las Vegas, NV",85,1352,2,0,1520,0,0,0,1,2
2016,1,15,5,1/15/2016,VX,12889,LAS,"Las Vegas, NV",85,14771,SFO,"San Francisco, CA",91,1417,-3,0,1549,-1,0,0,1,2
2016,1,15,5,1/15/2016,VX,14771,SFO,"San Francisco, CA",91,12264,IAD,"Washington, DC",38,1423,-2,0,2212,-8,0,0,1,10
2016,1,15,5,1/15/2016,VX,12889,LAS,"Las Vegas, NV",85,14771,SFO,"San Francisco, CA",91,1602,-3,0,1726,-9,0,0,1,2
2016,1,14,4,1/14/2016,AA,11298,DFW,"Dallas/Fort Worth, TX",74,11433,DTW,"Detroit, MI",43,1058,-2,0,1428,-10,0,0,1,4
2016,1,15,5,1/15/2016,AA,11298,DFW,"Dallas/Fort Worth, TX",74,11433,DTW,"Detroit, MI",43,1056,-4,0,1434,-4,0,0,1,4
2016,1,16,6,1/16/2016,AA,11298,DFW,"Dallas/Fort Worth, TX",74,11433,DTW,"Detroit, MI",43,1056,-4,0,1423,-15,0,0,1,4
2016,1,17,7,1/17/2016,AA,11298,DFW,"Dallas/Fort Worth, TX",74,11433,DTW,"Detroit, MI",43,1053,-7,0,1435,-3,0,0,1,4
2016,1,18,1,1/18/2016,AA,11298,DFW,"Dallas/Fort Worth, TX",74,11433,DTW,"Detroit, MI",43,1055,-5,0,1436,-2,0,0,1,4
2016,1,19,2,1/19/2016,AA,11298,DFW,"Dallas/Fort Worth, TX",74,11433,DTW,"Detroit, MI",43,1114,14,0,1442,4,0,0,1,4
2016,1,20,3,1/20/2016,AA,11298,DFW,"Dallas/Fort Worth, TX",74,11433,DTW,"Detroit, MI",43,1054,-6,0,1442,4,0,0,1,4
2016,1,21,4,1/21/2016,AA,11298,DFW,"Dallas/Fort Worth, TX",74,11433,DTW,"Detroit, MI",43,1134,34,1,1459,21,1,0,1,4
2016,1,22,5,1/22/2016,AA,11298,DFW,"Dallas/Fort Worth, TX",74,11433,DTW,"Detroit, MI",43,1055,-5,0,1431,-7,0,0,1,4
2016,1,23,6,1/23/2016,AA,11298,DFW,"Dallas/Fort Worth, TX",74,11433,DTW,"Detroit, MI",43,1053,-7,0,1432,-6,0,0,1,4
2016,1,24,7,1/24/2016,AA,11298,DFW,"Dallas/Fort Worth, TX",74,11433,DTW,"Detroit, MI",43,1110,10,0,1438,0,0,0,1,4
2016,1,25,1,1/25/2016,AA,11298,DFW,"Dallas/Fort Worth, TX",74,11433,DTW,"Detroit, MI",43,1059,-1,0,1424,-14,0,0,1,4
2016,1,26,2,1/26/2016,AA,11298,DFW,"Dallas/Fort Worth, TX",74,11433,DTW,"Detroit, MI",43,1056,-4,0,1419,-19,0,0,1,4
2016,1,27,3,1/27/2016,AA,11298,DFW,"Dallas/Fort Worth, TX",74,11433,DTW,"Detroit, MI",43,1101,1,0,1437,-1,0,0,1,4
2016,1,28,4,1/28/2016,AA,11298,DFW,"Dallas/Fort Worth, TX",74,11433,DTW,"Detroit, MI",43,1100,0,0,1453,15,1,0,1,4
2016,1,29,5,1/29/2016,AA,11298,DFW,"Dallas/Fort Worth, TX",74,11433,DTW,"Detroit, MI",43,1058,-2,0,1433,-5,0,0,1,4
2016,1,30,6,1/30/2016,AA,11298,DFW,"Dallas/Fort Worth, TX",74,11433,DTW,"Detroit, MI",43,1204,64,1,1541,63,1,0,1,4
2016,1,31,7,1/31/2016,AA,11298,DFW,"Dallas/Fort Worth, TX",74,11433,DTW,"Detroit, MI",43,1100,0,0,1432,-6,0,0,1,4
2016,1,1,5,1/1/2016,AA,11433,DTW,"Detroit, MI",43,11298,DFW,"Dallas/Fort Worth, TX",74,1539,26,1,1756,32,1,0,1,4
2016,1,2,6,1/2/2016,AA,11433,DTW,"Detroit, MI",43,11298,DFW,"Dallas/Fort Worth, TX",74,1509,-4,0,1651,-33,0,0,1,4
2016,1,3,7,1/3/2016,AA,11433,DTW,"Detroit, MI",43,11298,DFW,"Dallas/Fort Worth, TX",74,1515,2,0,1703,-21,0,0,1,4
2016,1,4,1,1/4/2016,AA,11433,DTW,"Detroit, MI",43,11298,DFW,"Dallas/Fort Worth, TX",74,1509,-4,0,1641,-43,0,0,1,4
2016,1,5,2,1/5/2016,AA,11433,DTW,"Detroit, MI",43,11298,DFW,"Dallas/Fort Worth, TX",74,1519,-4,0,1708,-22,0,0,1,4
2016,1,6,3,1/6/2016,AA,11433,DTW,"Detroit, MI",43,11298,DFW,"Dallas/Fort Worth, TX",74,1521,-2,0,1721,-9,0,0,1,4
2016,1,7,4,1/7/2016,AA,11433,DTW,"Detroit, MI",43,11298,DFW,"Dallas/Fort Worth, TX",74,1519,-4,0,1705,-25,0,0,1,4
2016,1,8,5,1/8/2016,AA,11433,DTW,"Detroit, MI",43,11298,DFW,"Dallas/Fort Worth, TX",74,1521,-2,0,1728,-2,0,0,1,4
2016,1,9,6,1/9/2016,AA,11433,DTW,"Detroit, MI",43,11298,DFW,"Dallas/Fort Worth, TX",74,1522,-1,0,1716,-14,0,0,1,4
2016,1,10,7,1/10/2016,AA,11433,DTW,"Detroit, MI",43,11298,DFW,"Dallas/Fort Worth, TX",74,1723,120,1,1926,116,1,0,1,4
2016,1,11,1,1/11/2016,AA,11433,DTW,"Detroit, MI",43,11298,DFW,"Dallas/Fort Worth, TX",74,1526,3,0,1714,-16,0,0,1,4
2016,1,12,2,1/12/2016,AA,11433,DTW,"Detroit, MI",43,11298,DFW,"Dallas/Fort Worth, TX",74,1522,-1,0,1715,-15,0,0,1,4
2016,1,13,3,1/13/2016,AA,11433,DTW,"Detroit, MI",43,11298,DFW,"Dallas/Fort Worth, TX",74,1521,-2,0,1653,-37,0,0,1,4
2016,1,14,4,1/14/2016,AA,11433,DTW,"Detroit, MI",43,11298,DFW,"Dallas/Fort Worth, TX",74,1519,-4,0,1703,-27,0,0,1,4
2016,1,15,5,1/15/2016,AA,11433,DTW,"Detroit, MI",43,11298,DFW,"Dallas/Fort Worth, TX",74,1522,-1,0,1710,-20,0,0,1,4
2016,1,16,6,1/16/2016,AA,11433,DTW,"Detroit, MI",43,11298,DFW,"Dallas/Fort Worth, TX",74,1523,0,0,1721,-9,0,0,1,4
2016,1,17,7,1/17/2016,AA,11433,DTW,"Detroit, MI",43,11298,DFW,"Dallas/Fort Worth, TX",74,1517,-6,0,1708,-22,0,0,1,4
2016,1,18,1,1/18/2016,AA,11433,DTW,"Detroit, MI",43,11298,DFW,"Dallas/Fort Worth, TX",74,1525,2,0,1712,-18,0,0,1,4
2016,1,19,2,1/19/2016,AA,11433,DTW,"Detroit, MI",43,11298,DFW,"Dallas/Fort Worth, TX",74,1522,-1,0,1733,3,0,0,1,4
2016,1,20,3,1/20/2016,AA,11433,DTW,"Detroit, MI",43,11298,DFW,"Dallas/Fort Worth, TX",74,1523,0,0,1744,14,0,0,1,4
2016,1,21,4,1/21/2016,AA,11433,DTW,"Detroit, MI",43,11298,DFW,"Dallas/Fort Worth, TX",74,1546,23,1,1809,39,1,0,1,4
2016,1,22,5,1/22/2016,AA,11433,DTW,"Detroit, MI",43,11298,DFW,"Dallas/Fort Worth, TX",74,1523,0,0,1700,-30,0,0,1,4
2016,1,23,6,1/23/2016,AA,11433,DTW,"Detroit, MI",43,11298,DFW,"Dallas/Fort Worth, TX",74,1515,-8,0,1653,-37,0,0,1,4
2016,1,24,7,1/24/2016,AA,11433,DTW,"Detroit, MI",43,11298,DFW,"Dallas/Fort Worth, TX",74,1520,-3,0,1723,-7,0,0,1,4
2016,1,25,1,1/25/2016,AA,11433,DTW,"Detroit, MI",43,11298,DFW,"Dallas/Fort Worth, TX",74,1518,-5,0,1708,-22,0,0,1,4
2016,1,26,2,1/26/2016,AA,11433,DTW,"Detroit, MI",43,11298,DFW,"Dallas/Fort Worth, TX",74,1519,-4,0,1720,-10,0,0,1,4
2016,1,27,3,1/27/2016,AA,11433,DTW,"Detroit, MI",43,11298,DFW,"Dallas/Fort Worth, TX",74,1518,-5,0,1643,-47,0,0,1,4
2016,1,28,4,1/28/2016,AA,11433,DTW,"Detroit, MI",43,11298,DFW,"Dallas/Fort Worth, TX",74,1535,12,0,1731,1,0,0,1,4
2016,1,29,5,1/29/2016,AA,11433,DTW,"Detroit, MI",43,11298,DFW,"Dallas/Fort Worth, TX",74,1521,-2,0,1708,-22,0,0,1,4
2016,1,30,6,1/30/2016,AA,11433,DTW,"Detroit, MI",43,11298,DFW,"Dallas/Fort Worth, TX",74,1629,66,1,1813,43,1,0,1,4
2016,1,31,7,1/31/2016,AA,11433,DTW,"Detroit, MI",43,11298,DFW,"Dallas/Fort Worth, TX",74,1523,0,0,1736,6,0,0,1,4
2016,1,1,5,1/1/2016,AA,14747,SEA,"Seattle, WA",93,12478,JFK,"New York, NY",22,741,-4,0,1610,8,0,0,1,10
2016,1,2,6,1/2/2016,AA,14747,SEA,"Seattle, WA",93,12478,JFK,"New York, NY",22,737,-8,0,1613,11,0,0,1,10
2016,1,3,7,1/3/2016,AA,14747,SEA,"Seattle, WA",93,12478,JFK,"New York, NY",22,743,-2,0,1547,-15,0,0,1,10
2016,1,4,1,1/4/2016,AA,14747,SEA,"Seattle, WA",93,12478,JFK,"New York, NY",22,737,-8,0,1551,-11,0,0,1,10
2016,1,5,2,1/5/2016,AA,14747,SEA,"Seattle, WA",93,12478,JFK,"New York, NY",22,708,-2,0,1524,-3,0,0,1,10
2016,1,6,3,1/6/2016,AA,14747,SEA,"Seattle, WA",93,12478,JFK,"New York, NY",22,703,-7,0,1518,-9,0,0,1,10
2016,1,7,4,1/7/2016,AA,14747,SEA,"Seattle, WA",93,12478,JFK,"New York, NY",22,704,-6,0,1522,-5,0,0,1,10
2016,1,8,5,1/8/2016,AA,14747,SEA,"Seattle, WA",93,12478,JFK,"New York, NY",22,701,-9,0,1527,0,0,0,1,10
2016,1,9,6,1/9/2016,AA,14747,SEA,"Seattle, WA",93,12478,JFK,"New York, NY",22,703,-7,0,1536,9,0,0,1,10
2016,1,10,7,1/10/2016,AA,14747,SEA,"Seattle, WA",93,12478,JFK,"New York, NY",22,711,1,0,1611,44,1,0,1,10
2016,1,11,1,1/11/2016,AA,14747,SEA,"Seattle, WA",93,12478,JFK,"New York, NY",22,709,-1,0,1519,-8,0,0,1,10
2016,1,12,2,1/12/2016,AA,14747,SEA,"Seattle, WA",93,12478,JFK,"New York, NY",22,636,-9,0,1452,-14,0,0,1,10
2016,1,13,3,1/13/2016,AA,14747,SEA,"Seattle, WA",93,12478,JFK,"New York, NY",22,639,-6,0,1441,-25,0,0,1,10
2016,1,14,4,1/14/2016,AA,14747,SEA,"Seattle, WA",93,12478,JFK,"New York, NY",22,737,52,1,1537,31,1,0,1,10
2016,1,15,5,1/15/2016,AA,14747,SEA,"Seattle, WA",93,12478,JFK,"New York, NY",22,639,-6,0,1451,-15,0,0,1,10
2016,1,16,6,1/16/2016,AA,14747,SEA,"Seattle, WA",93,12478,JFK,"New York, NY",22,,,,,,,1,1,10
2016,1,17,7,1/17/2016,AA,14747,SEA,"Seattle, WA",93,12478,JFK,"New York, NY",22,728,43,1,1532,26,1,0,1,10
2016,1,18,1,1/18/2016,AA,14747,SEA,"Seattle, WA",93,12478,JFK,"New York, NY",22,641,-4,0,1439,-27,0,0,1,10
2016,1,19,2,1/19/2016,AA,14747,SEA,"Seattle, WA",93,12478,JFK,"New York, NY",22,638,-7,0,1447,-19,0,0,1,10
2016,1,20,3,1/20/2016,AA,14747,SEA,"Seattle, WA",93,12478,JFK,"New York, NY",22,635,-10,0,1441,-25,0,0,1,10
2016,1,1,5,1/1/2016,DL,11193,CVG,"Cincinnati, OH",52,13204,MCO,"Orlando, FL",33,933,3,0,1138,-1,0,0,1,4
2016,1,1,5,1/1/2016,DL,13204,MCO,"Orlando, FL",33,11193,CVG,"Cincinnati, OH",52,1252,-8,0,1504,-5,0,0,1,4
2016,1,1,5,1/1/2016,DL,14100,PHL,"Philadelphia, PA",23,10397,ATL,"Atlanta, GA",34,837,-3,0,1041,-17,0,0,1,3
2016,1,1,5,1/1/2016,DL,14747,SEA,"Seattle, WA",93,12889,LAS,"Las Vegas, NV",85,1102,-3,0,1330,5,0,0,1,4
2016,1,1,5,1/1/2016,DL,10397,ATL,"Atlanta, GA",34,13495,MSY,"New Orleans, LA",72,1810,-5,0,1844,-9,0,0,1,2
2016,1,1,5,1/1/2016,DL,10397,ATL,"Atlanta, GA",34,13930,ORD,"Chicago, IL",41,1049,-1,0,1136,-19,0,0,1,3
2016,1,1,5,1/1/2016,DL,10397,ATL,"Atlanta, GA",34,14100,PHL,"Philadelphia, PA",23,2203,-2,0,2344,-20,0,0,1,3
2016,1,1,5,1/1/2016,DL,11540,ELP,"El Paso, TX",74,10397,ATL,"Atlanta, GA",34,857,-3,0,1330,-26,0,0,1,6
2016,1,1,5,1/1/2016,DL,13487,MSP,"Minneapolis, MN",63,10140,ABQ,"Albuquerque, NM",86,1950,-3,0,2125,-16,0,0,1,4
2016,1,1,5,1/1/2016,DL,14747,SEA,"Seattle, WA",93,14107,PHX,"Phoenix, AZ",81,1055,-5,0,1450,2,0,0,1,5
2016,1,1,5,1/1/2016,DL,14107,PHX,"Phoenix, AZ",81,14747,SEA,"Seattle, WA",93,1526,3,0,1714,-26,0,0,1,5
2016,1,1,5,1/1/2016,DL,13487,MSP,"Minneapolis, MN",63,10721,BOS,"Boston, MA",13,1005,5,0,1340,-2,0,0,1,5
2016,1,1,5,1/1/2016,DL,10721,BOS,"Boston, MA",13,13487,MSP,"Minneapolis, MN",63,804,-6,0,1018,-17,0,0,1,5
2016,1,1,5,1/1/2016,DL,12892,LAX,"Los Angeles, CA",91,13487,MSP,"Minneapolis, MN",63,844,4,0,1408,-12,0,0,1,7
2016,1,1,5,1/1/2016,DL,10299,ANC,"Anchorage, AK",1,14747,SEA,"Seattle, WA",93,39,-6,0,527,16,1,0,1,6
2016,1,1,5,1/1/2016,DL,10627,BIS,"Bismarck/Mandan, ND",66,13487,MSP,"Minneapolis, MN",63,627,-3,0,754,-12,0,0,1,2
2016,1,1,5,1/1/2016,DL,14107,PHX,"Phoenix, AZ",81,11433,DTW,"Detroit, MI",43,537,-8,0,1109,-19,0,0,1,7
2016,1,1,5,1/1/2016,DL,14747,SEA,"Seattle, WA",93,14107,PHX,"Phoenix, AZ",81,1823,-2,0,2202,-10,0,0,1,5
2016,1,1,5,1/1/2016,DL,12266,IAH,"Houston, TX",74,14869,SLC,"Salt Lake City, UT",87,751,6,0,953,-26,0,0,1,5
2016,1,1,5,1/1/2016,DL,10721,BOS,"Boston, MA",13,13487,MSP,"Minneapolis, MN",63,1054,-6,0,1255,-30,0,0,1,5
2016,1,1,5,1/1/2016,DL,10397,ATL,"Atlanta, GA",34,11066,CMH,"Columbus, OH",44,1919,-1,0,2048,-5,0,0,1,2
2016,1,1,5,1/1/2016,DL,11433,DTW,"Detroit, MI",43,10821,BWI,"Baltimore, MD",35,1533,-2,0,1734,27,1,0,1,2
2016,1,1,5,1/1/2016,DL,11278,DCA,"Washington, DC",38,14869,SLC,"Salt Lake City, UT",87,1624,-6,0,1900,-19,0,0,1,8
2016,1,1,5,1/1/2016,DL,11433,DTW,"Detroit, MI",43,14679,SAN,"San Diego, CA",91,849,0,0,1026,-28,0,0,1,8
2016,1,1,5,1/1/2016,DL,10397,ATL,"Atlanta, GA",34,13931,ORF,"Norfolk, VA",38,1522,-3,0,1643,-15,0,0,1,3
2016,1,1,5,1/1/2016,DL,13931,ORF,"Norfolk, VA",38,10397,ATL,"Atlanta, GA",34,1801,6,0,1956,-3,0,0,1,3
2016,1,1,5,1/1/2016,DL,12173,HNL,"Honolulu, HI",2,10397,ATL,"Atlanta, GA",34,1738,3,0,630,-39,0,0,1,11
2016,1,1,5,1/1/2016,DL,10397,ATL,"Atlanta, GA",34,12173,HNL,"Honolulu, HI",2,1148,58,1,1656,55,1,0,1,11
2016,1,1,5,1/1/2016,DL,13303,MIA,"Miami, FL",33,12953,LGA,"New York, NY",22,1156,-4,0,1446,-14,0,0,1,5
2016,1,1,5,1/1/2016,DL,11298,DFW,"Dallas/Fort Worth, TX",74,14869,SLC,"Salt Lake City, UT",87,824,9,0,958,-9,0,0,1,4
2016,1,1,5,1/1/2016,DL,11433,DTW,"Detroit, MI",43,14100,PHL,"Philadelphia, PA",23,1513,-1,0,1702,14,0,0,1,2
2016,1,1,5,1/1/2016,DL,14100,PHL,"Philadelphia, PA",23,11433,DTW,"Detroit, MI",43,1748,25,1,1932,27,1,0,1,2
2016,1,1,5,1/1/2016,DL,10431,AVL,"Asheville, NC",36,10397,ATL,"Atlanta, GA",34,754,4,0,842,-16,0,0,1,1
2016,1,1,5,1/1/2016,DL,14027,PBI,"West Palm Beach/Palm Beach, FL",33,10397,ATL,"Atlanta, GA",34,1233,8,0,1414,-4,0,0,1,3
2016,1,1,5,1/1/2016,DL,10397,ATL,"Atlanta, GA",34,13495,MSY,"New Orleans, LA",72,1048,-2,0,1118,-12,0,0,1,2
2016,1,1,5,1/1/2016,DL,12953,LGA,"New York, NY",22,10397,ATL,"Atlanta, GA",34,1758,-2,0,2029,-20,0,0,1,4
2016,1,1,5,1/1/2016,DL,13487,MSP,"Minneapolis, MN",63,10721,BOS,"Boston, MA",13,1456,-4,0,1825,-21,0,0,1,5
2016,1,1,5,1/1/2016,DL,13495,MSY,"New Orleans, LA",72,10397,ATL,"Atlanta, GA",34,609,4,0,823,-5,0,0,1,2
2016,1,1,5,1/1/2016,DL,13204,MCO,"Orlando, FL",33,12478,JFK,"New York, NY",22,1043,-2,0,1304,-12,0,0,1,4
2016,1,1,5,1/1/2016,DL,10397,ATL,"Atlanta, GA",34,11057,CLT,"Charlotte, NC",36,1553,18,1,1651,5,0,0,1,1
2016,1,1,5,1/1/2016,DL,11057,CLT,"Charlotte, NC",36,10397,ATL,"Atlanta, GA",34,1729,-1,0,1836,-18,0,0,1,1
2016,1,1,5,1/1/2016,DL,10397,ATL,"Atlanta, GA",34,12266,IAH,"Houston, TX",74,1941,-5,0,2059,-6,0,0,1,3
2016,1,1,5,1/1/2016,DL,14771,SFO,"San Francisco, CA",91,11433,DTW,"Detroit, MI",43,645,0,0,1418,1,0,0,1,9
2016,1,1,5,1/1/2016,DL,11433,DTW,"Detroit, MI",43,14869,SLC,"Salt Lake City, UT",87,1724,-6,0,1910,-20,0,0,1,6
2016,1,1,5,1/1/2016,DL,13487,MSP,"Minneapolis, MN",63,15376,TUS,"Tucson, AZ",81,1120,0,0,1330,-17,0,0,1,6
2016,1,1,5,1/1/2016,DL,15376,TUS,"Tucson, AZ",81,13487,MSP,"Minneapolis, MN",63,1432,1,0,1843,4,0,0,1,6
2016,1,1,5,1/1/2016,DL,14027,PBI,"West Palm Beach/Palm Beach, FL",33,12478,JFK,"New York, NY",22,1211,6,0,1444,-11,0,0,1,5
2016,1,1,5,1/1/2016,DL,10721,BOS,"Boston, MA",13,13487,MSP,"Minneapolis, MN",63,1419,9,0,1615,-21,0,0,1,5
2016,1,1,5,1/1/2016,DL,13487,MSP,"Minneapolis, MN",63,11637,FAR,"Fargo, ND",66,1758,24,1,1859,14,0,0,1,1
2016,1,1,5,1/1/2016,DL,13487,MSP,"Minneapolis, MN",63,13485,MSN,"Madison, WI",45,1944,-6,0,2033,-20,0,0,1,1
2016,1,1,5,1/1/2016,DL,12892,LAX,"Los Angeles, CA",91,14747,SEA,"Seattle, WA",93,841,1,0,1114,-19,0,0,1,4
2016,1,1,5,1/1/2016,DL,10397,ATL,"Atlanta, GA",34,11057,CLT,"Charlotte, NC",36,1730,-5,0,1826,-23,0,0,1,1
2016,1,1,5,1/1/2016,DL,12892,LAX,"Los Angeles, CA",91,14057,PDX,"Portland, OR",92,930,-5,0,1142,-25,0,0,1,4
2016,1,1,5,1/1/2016,DL,14057,PDX,"Portland, OR",92,12892,LAX,"Los Angeles, CA",91,1242,0,0,1452,-8,0,0,1,4
2016,1,1,5,1/1/2016,DL,14747,SEA,"Seattle, WA",93,13204,MCO,"Orlando, FL",33,1155,-5,0,2017,-12,0,0,1,11
2016,1,1,5,1/1/2016,DL,10397,ATL,"Atlanta, GA",34,14635,RSW,"Fort Myers, FL",33,1253,18,1,1424,8,0,0,1,3
2016,1,1,5,1/1/2016,DL,11278,DCA,"Washington, DC",38,10397,ATL,"Atlanta, GA",34,740,40,1,924,22,1,0,1,3
2016,1,1,5,1/1/2016,DL,15024,STT,"Charlotte Amalie, VI",4,10397,ATL,"Atlanta, GA",34,1646,5,0,1925,-26,0,0,1,7
2016,1,1,5,1/1/2016,DL,12953,LGA,"New York, NY",22,13303,MIA,"Miami, FL",33,856,-4,0,1153,-37,0,0,1,5
2016,1,1,5,1/1/2016,DL,10397,ATL,"Atlanta, GA",34,10821,BWI,"Baltimore, MD",35,1739,4,0,1916,-7,0,0,1,3
2016,1,1,5,1/1/2016,DL,10397,ATL,"Atlanta, GA",34,10821,BWI,"Baltimore, MD",35,2035,-5,0,2214,-16,0,0,1,3
2016,1,1,5,1/1/2016,DL,10397,ATL,"Atlanta, GA",34,10423,AUS,"Austin, TX",74,1055,-5,0,1224,-11,0,0,1,4
2016,1,1,5,1/1/2016,DL,12889,LAS,"Las Vegas, NV",85,11193,CVG,"Cincinnati, OH",52,2340,-5,0,615,-9,0,0,1,7
2016,1,1,5,1/1/2016,DL,14747,SEA,"Seattle, WA",93,11433,DTW,"Detroit, MI",43,1152,-2,0,1908,3,0,0,1,8
2016,1,1,5,1/1/2016,DL,12953,LGA,"New York, NY",22,11292,DEN,"Denver, CO",82,1556,-4,0,1804,-40,0,0,1,7
2016,1,1,5,1/1/2016,DL,10397,ATL,"Atlanta, GA",34,11986,GRR,"Grand Rapids, MI",43,1456,0,0,1644,-6,0,0,1,3
2016,1,1,5,1/1/2016,DL,11986,GRR,"Grand Rapids, MI",43,10397,ATL,"Atlanta, GA",34,1726,-7,0,1924,-17,0,0,1,3
2016,1,1,5,1/1/2016,DL,10397,ATL,"Atlanta, GA",34,12953,LGA,"New York, NY",22,646,1,0,843,-13,0,0,1,4
2016,1,1,5,1/1/2016,DL,13487,MSP,"Minneapolis, MN",63,10397,ATL,"Atlanta, GA",34,1622,-3,0,1940,-15,0,0,1,4
2016,1,1,5,1/1/2016,DL,14635,RSW,"Fort Myers, FL",33,13487,MSP,"Minneapolis, MN",63,736,-4,0,1013,-5,0,0,1,6
2016,1,1,5,1/1/2016,DL,14057,PDX,"Portland, OR",92,12892,LAX,"Los Angeles, CA",91,710,0,0,929,-15,0,0,1,4
2016,1,1,5,1/1/2016,DL,14771,SFO,"San Francisco, CA",91,11433,DTW,"Detroit, MI",43,1128,-3,0,1853,-12,0,0,1,9
2016,1,1,5,1/1/2016,DL,13198,MCI,"Kansas City, MO",64,13487,MSP,"Minneapolis, MN",63,859,4,0,1013,-3,0,0,1,2
2016,1,1,5,1/1/2016,DL,11721,FNT,"Flint, MI",43,10397,ATL,"Atlanta, GA",34,557,-3,0,822,1,0,0,1,3
2016,1,1,5,1/1/2016,DL,13577,MYR,"Myrtle Beach, SC",37,10397,ATL,"Atlanta, GA",34,1127,-3,0,1240,-19,0,0,1,2
2016,1,1,5,1/1/2016,DL,10397,ATL,"Atlanta, GA",34,13204,MCO,"Orlando, FL",33,1453,-2,0,1615,-9,0,0,1,2
2016,1,1,5,1/1/2016,DL,13204,MCO,"Orlando, FL",33,10397,ATL,"Atlanta, GA",34,1730,0,0,1847,-23,0,0,1,2
2016,1,1,5,1/1/2016,DL,13487,MSP,"Minneapolis, MN",63,14107,PHX,"Phoenix, AZ",81,1427,-3,0,1626,-26,0,0,1,6
2016,1,1,5,1/1/2016,DL,10721,BOS,"Boston, MA",13,10397,ATL,"Atlanta, GA",34,606,11,0,858,-9,0,0,1,4
2016,1,1,5,1/1/2016,DL,10397,ATL,"Atlanta, GA",34,11433,DTW,"Detroit, MI",43,1453,-3,0,1643,-10,0,0,1,3
2016,1,1,5,1/1/2016,DL,10397,ATL,"Atlanta, GA",34,10721,BOS,"Boston, MA",13,2047,2,0,2303,-11,0,0,1,4
2016,1,1,5,1/1/2016,DL,10397,ATL,"Atlanta, GA",34,12953,LGA,"New York, NY",22,2051,6,0,2249,-10,0,0,1,4
2016,1,2,6,1/2/2016,UA,11292,DEN,"Denver, CO",82,10849,BZN,"Bozeman, MT",84,1138,21,1,1320,7,0,0,1,3
2016,1,2,6,1/2/2016,UA,10397,ATL,"Atlanta, GA",34,11292,DEN,"Denver, CO",82,1625,1,0,1753,-13,0,0,1,5
2016,1,2,6,1/2/2016,UA,11292,DEN,"Denver, CO",82,10721,BOS,"Boston, MA",13,2003,1,0,144,-13,0,0,1,8
2016,1,2,6,1/2/2016,UA,12892,LAX,"Los Angeles, CA",91,13830,OGG,"Kahului, HI",2,1756,-4,0,2144,-11,0,0,1,10
2016,1,2,6,1/2/2016,UA,10423,AUS,"Austin, TX",74,14771,SFO,"San Francisco, CA",91,1938,8,0,2120,-14,0,0,1,7
2016,1,2,6,1/2/2016,UA,11618,EWR,"Newark, NJ",21,12094,HDN,"Hayden, CO",82,854,24,1,1115,3,0,0,1,7
2016,1,2,6,1/2/2016,UA,11292,DEN,"Denver, CO",82,13930,ORD,"Chicago, IL",41,1425,-2,0,1732,-27,0,0,1,4
2016,1,2,6,1/2/2016,UA,14679,SAN,"San Diego, CA",91,11292,DEN,"Denver, CO",82,757,-6,0,1123,-17,0,0,1,4
2016,1,2,6,1/2/2016,UA,11042,CLE,"Cleveland, OH",44,11618,EWR,"Newark, NJ",21,1343,33,1,1511,21,1,0,1,2
2016,1,2,6,1/2/2016,UA,11292,DEN,"Denver, CO",82,14679,SAN,"San Diego, CA",91,1909,8,0,2019,-11,0,0,1,4
2016,1,2,6,1/2/2016,UA,13930,ORD,"Chicago, IL",41,11292,DEN,"Denver, CO",82,1558,-2,0,1721,-27,0,0,1,4
2016,1,2,6,1/2/2016,UA,14747,SEA,"Seattle, WA",93,13930,ORD,"Chicago, IL",41,645,0,0,1236,-9,0,0,1,7
2016,1,2,6,1/2/2016,UA,10849,BZN,"Bozeman, MT",84,11292,DEN,"Denver, CO",82,2156,14,0,2322,-3,0,0,1,3
2016,1,2,6,1/2/2016,UA,11292,DEN,"Denver, CO",82,12264,IAD,"Washington, DC",38,1258,3,0,1817,4,0,0,1,6
2016,1,2,6,1/2/2016,UA,14908,SNA,"Santa Ana, CA",91,11292,DEN,"Denver, CO",82,645,-5,0,1006,-24,0,0,1,4
2016,1,2,6,1/2/2016,UA,11697,FLL,"Fort Lauderdale, FL",33,11292,DEN,"Denver, CO",82,2009,-12,0,2233,-28,0,0,1,7
2016,1,2,6,1/2/2016,UA,12953,LGA,"New York, NY",22,13930,ORD,"Chicago, IL",41,806,6,0,916,-27,0,0,1,3
2016,1,2,6,1/2/2016,UA,13930,ORD,"Chicago, IL",41,12892,LAX,"Los Angeles, CA",91,1223,-3,0,1451,-15,0,0,1,7
2016,1,2,6,1/2/2016,UA,14057,PDX,"Portland, OR",92,13930,ORD,"Chicago, IL",41,1437,33,1,2016,21,1,0,1,7
2016,1,2,6,1/2/2016,UA,11292,DEN,"Denver, CO",82,10620,BIL,"Billings, MT",84,1917,12,0,2033,-11,0,0,1,2
2016,1,2,6,1/2/2016,UA,11042,CLE,"Cleveland, OH",44,11292,DEN,"Denver, CO",82,1442,4,0,1541,-34,0,0,1,5
2016,1,2,6,1/2/2016,UA,14747,SEA,"Seattle, WA",93,14771,SFO,"San Francisco, CA",91,722,-2,0,938,-5,0,0,1,3
2016,1,2,6,1/2/2016,UA,11292,DEN,"Denver, CO",82,11618,EWR,"Newark, NJ",21,1951,1,0,112,-16,0,0,1,7
2016,1,2,6,1/2/2016,UA,12892,LAX,"Los Angeles, CA",91,11292,DEN,"Denver, CO",82,1254,-8,0,1607,-22,0,0,1,4
2016,1,2,6,1/2/2016,UA,12266,IAH,"Houston, TX",74,14771,SFO,"San Francisco, CA",91,1929,27,1,2125,1,0,0,1,7
2016,1,2,6,1/2/2016,UA,13303,MIA,"Miami, FL",33,11292,DEN,"Denver, CO",82,1738,-1,0,1959,-23,0,0,1,7
2016,1,2,6,1/2/2016,UA,13502,MTJ,"Montrose/Delta, CO",82,13930,ORD,"Chicago, IL",41,1156,-9,0,1559,6,0,0,1,5
2016,1,2,6,1/2/2016,UA,14524,RIC,"Richmond, VA",38,13930,ORD,"Chicago, IL",41,716,16,1,826,8,0,0,1,3
2016,1,2,6,1/2/2016,UA,12889,LAS,"Las Vegas, NV",85,12266,IAH,"Houston, TX",74,50,-5,0,531,-16,0,0,1,5
2016,1,2,6,1/2/2016,UA,11292,DEN,"Denver, CO",82,11298,DFW,"Dallas/Fort Worth, TX",74,26,29,1,301,4,0,0,1,3
2016,1,2,6,1/2/2016,UA,12953,LGA,"New York, NY",22,11292,DEN,"Denver, CO",82,2026,8,0,2227,-40,0,0,1,7
2016,1,2,6,1/2/2016,UA,12892,LAX,"Los Angeles, CA",91,13930,ORD,"Chicago, IL",41,1015,-3,0,1614,-16,0,0,1,7
2016,1,2,6,1/2/2016,UA,11292,DEN,"Denver, CO",82,10821,BWI,"Baltimore, MD",35,2010,-5,0,115,-21,0,0,1,6
2016,1,2,6,1/2/2016,UA,12892,LAX,"Los Angeles, CA",91,14771,SFO,"San Francisco, CA",91,1913,-2,0,2021,-24,0,0,1,2
2016,1,2,6,1/2/2016,UA,14771,SFO,"San Francisco, CA",91,14122,PIT,"Pittsburgh, PA",23,2256,19,1,626,8,0,0,1,10
2016,1,2,6,1/2/2016,UA,11292,DEN,"Denver, CO",82,12892,LAX,"Los Angeles, CA",91,1616,48,1,1800,57,1,0,1,4
2016,1,2,6,1/2/2016,UA,13830,OGG,"Kahului, HI",2,12892,LAX,"Los Angeles, CA",91,1522,1,0,2250,-1,0,0,1,10
2016,1,2,6,1/2/2016,UA,13930,ORD,"Chicago, IL",41,14107,PHX,"Phoenix, AZ",81,1910,0,0,2145,-26,0,0,1,6
2016,1,2,6,1/2/2016,UA,12264,IAD,"Washington, DC",38,12266,IAH,"Houston, TX",74,1236,-3,0,1452,-22,0,0,1,5
2016,1,2,6,1/2/2016,UA,14771,SFO,"San Francisco, CA",91,12264,IAD,"Washington, DC",38,840,-5,0,1640,-14,0,0,1,10
2016,1,2,6,1/2/2016,UA,12889,LAS,"Las Vegas, NV",85,12264,IAD,"Washington, DC",38,1352,-1,0,2059,-15,0,0,1,9
2016,1,2,6,1/2/2016,UA,12892,LAX,"Los Angeles, CA",91,11618,EWR,"Newark, NJ",21,2114,24,1,501,9,0,0,1,10
2016,1,2,6,1/2/2016,UA,11292,DEN,"Denver, CO",82,11423,DSM,"Des Moines, IA",61,1628,33,1,1900,14,0,0,1,3
2016,1,2,6,1/2/2016,UA,13871,OMA,"Omaha, NE",65,11292,DEN,"Denver, CO",82,937,9,0,1034,14,0,0,1,2
2016,1,2,6,1/2/2016,UA,10849,BZN,"Bozeman, MT",84,11292,DEN,"Denver, CO",82,820,72,1,953,54,1,0,1,3
2016,1,2,6,1/2/2016,UA,11292,DEN,"Denver, CO",82,13495,MSY,"New Orleans, LA",72,1425,0,0,1748,-12,0,0,1,5
2016,1,2,6,1/2/2016,UA,11292,DEN,"Denver, CO",82,11066,CMH,"Columbus, OH",44,1139,29,1,1607,1,0,0,1,5
2016,1,2,6,1/2/2016,UA,11298,DFW,"Dallas/Fort Worth, TX",74,11292,DEN,"Denver, CO",82,2023,-6,0,2115,-20,0,0,1,3
2016,1,2,6,1/2/2016,UA,11292,DEN,"Denver, CO",82,12264,IAD,"Washington, DC",38,1029,15,1,1528,-3,0,0,1,6
2016,1,2,6,1/2/2016,UA,12264,IAD,"Washington, DC",38,12889,LAS,"Las Vegas, NV",85,1704,-2,0,1851,-39,0,0,1,9
2016,1,2,6,1/2/2016,UA,12892,LAX,"Los Angeles, CA",91,11292,DEN,"Denver, CO",82,522,-7,0,832,-27,0,0,1,4
2016,1,2,6,1/2/2016,UA,12266,IAH,"Houston, TX",74,14683,SAT,"San Antonio, TX",74,2344,9,0,38,3,0,0,1,1
2016,1,2,6,1/2/2016,UA,13204,MCO,"Orlando, FL",33,12266,IAH,"Houston, TX",74,2149,31,1,2311,12,0,0,1,4
2016,1,2,6,1/2/2016,UA,14771,SFO,"San Francisco, CA",91,14679,SAN,"San Diego, CA",91,1254,4,0,1415,-11,0,0,1,2
2016,1,2,6,1/2/2016,UA,13930,ORD,"Chicago, IL",41,14771,SFO,"San Francisco, CA",91,1036,3,0,1307,-16,0,0,1,8
2016,1,2,6,1/2/2016,UA,14635,RSW,"Fort Myers, FL",33,13930,ORD,"Chicago, IL",41,604,4,0,801,-6,0,0,1,5
2016,1,2,6,1/2/2016,UA,12339,IND,"Indianapolis, IN",42,14771,SFO,"San Francisco, CA",91,605,3,0,754,-23,0,0,1,8
2016,1,2,6,1/2/2016,UA,14107,PHX,"Phoenix, AZ",81,12266,IAH,"Houston, TX",74,1449,-5,0,1818,-12,0,0,1,5
2016,1,2,6,1/2/2016,UA,12892,LAX,"Los Angeles, CA",91,11618,EWR,"Newark, NJ",21,556,-4,0,1404,-8,0,0,1,10
2016,1,2,6,1/2/2016,UA,10721,BOS,"Boston, MA",13,14771,SFO,"San Francisco, CA",91,1749,8,0,2111,-16,0,0,1,11
2016,1,2,6,1/2/2016,UA,12266,IAH,"Houston, TX",74,12892,LAX,"Los Angeles, CA",91,655,38,1,829,9,0,0,1,6
2016,1,2,6,1/2/2016,UA,11292,DEN,"Denver, CO",82,14747,SEA,"Seattle, WA",93,2223,2,0,4,-25,0,0,1,5
2016,1,2,6,1/2/2016,UA,12264,IAD,"Washington, DC",38,11292,DEN,"Denver, CO",82,1915,2,0,2104,-21,0,0,1,6
2016,1,2,6,1/2/2016,UA,14635,RSW,"Fort Myers, FL",33,11292,DEN,"Denver, CO",82,2022,-3,0,2230,-17,0,0,1,7
2016,1,2,6,1/2/2016,UA,10849,BZN,"Bozeman, MT",84,11618,EWR,"Newark, NJ",21,1335,30,1,2000,45,1,0,1,8
2016,1,2,6,1/2/2016,UA,14986,SRQ,"Sarasota/Bradenton, FL",33,13930,ORD,"Chicago, IL",41,1608,-5,0,1807,-2,0,0,1,5
2016,1,2,6,1/2/2016,UA,12953,LGA,"New York, NY",22,11292,DEN,"Denver, CO",82,1756,-2,0,1958,-45,0,0,1,7
2016,1,2,6,1/2/2016,UA,12892,LAX,"Los Angeles, CA",91,11618,EWR,"Newark, NJ",21,1215,-9,0,2018,-11,0,0,1,10
2016,1,2,6,1/2/2016,UA,12264,IAD,"Washington, DC",38,13930,ORD,"Chicago, IL",41,1710,1,0,1753,-23,0,0,1,3
2016,1,30,6,1/30/2016,UA,14747,SEA,"Seattle, WA",93,13930,ORD,"Chicago, IL",41,1024,2,0,1607,-13,0,0,1,7
2016,1,30,6,1/30/2016,UA,14771,SFO,"San Francisco, CA",91,11618,EWR,"Newark, NJ",21,600,-6,0,1415,-10,0,0,1,11
2016,1,30,6,1/30/2016,UA,11292,DEN,"Denver, CO",82,10821,BWI,"Baltimore, MD",35,1253,-7,0,1825,4,0,0,1,6
2016,1,30,6,1/30/2016,UA,11618,EWR,"Newark, NJ",21,11292,DEN,"Denver, CO",82,729,-2,0,945,-25,0,0,1,7
2016,1,30,6,1/30/2016,UA,12892,LAX,"Los Angeles, CA",91,13930,ORD,"Chicago, IL",41,1328,-2,0,1918,-25,0,0,1,7
2016,1,30,6,1/30/2016,UA,14679,SAN,"San Diego, CA",91,12266,IAH,"Houston, TX",74,926,-4,0,1432,-7,0,0,1,6
2016,1,30,6,1/30/2016,UA,11292,DEN,"Denver, CO",82,13930,ORD,"Chicago, IL",41,834,-5,0,1135,-36,0,0,1,4
2016,1,30,6,1/30/2016,UA,10849,BZN,"Bozeman, MT",84,11292,DEN,"Denver, CO",82,1428,-7,0,1556,-18,0,0,1,3
2016,1,30,6,1/30/2016,UA,14771,SFO,"San Francisco, CA",91,13204,MCO,"Orlando, FL",33,1459,-6,0,2250,-27,0,0,1,10
2016,1,30,6,1/30/2016,UA,11292,DEN,"Denver, CO",82,14570,RNO,"Reno, NV",85,1116,1,0,1245,8,0,0,1,4
2016,1,30,6,1/30/2016,UA,13495,MSY,"New Orleans, LA",72,11292,DEN,"Denver, CO",82,800,-10,0,948,-30,0,0,1,5
2016,1,30,6,1/30/2016,UA,11292,DEN,"Denver, CO",82,11278,DCA,"Washington, DC",38,1232,-8,0,1746,-14,0,0,1,6
2016,1,30,6,1/30/2016,UA,12266,IAH,"Houston, TX",74,13495,MSY,"New Orleans, LA",72,1916,-4,0,2016,-19,0,0,1,2
2016,1,30,6,1/30/2016,UA,11042,CLE,"Cleveland, OH",44,13204,MCO,"Orlando, FL",33,1006,-10,0,1225,-30,0,0,1,4
2016,1,30,6,1/30/2016,UA,13487,MSP,"Minneapolis, MN",63,12266,IAH,"Houston, TX",74,1330,-13,0,1626,-20,0,0,1,5
2016,1,30,6,1/30/2016,UA,14771,SFO,"San Francisco, CA",91,12173,HNL,"Honolulu, HI",2,1714,349,1,2129,389,1,0,1,10
2016,1,30,6,1/30/2016,UA,12278,ICT,"Wichita, KS",62,11292,DEN,"Denver, CO",82,951,0,0,1032,-8,0,0,1,2
2016,1,30,6,1/30/2016,UA,13303,MIA,"Miami, FL",33,11292,DEN,"Denver, CO",82,1453,-9,0,1713,-32,0,0,1,7
2016,1,30,6,1/30/2016,UA,11292,DEN,"Denver, CO",82,12953,LGA,"New York, NY",22,1008,-2,0,1540,-13,0,0,1,7
2016,1,30,6,1/30/2016,UA,11298,DFW,"Dallas/Fort Worth, TX",74,12264,IAD,"Washington, DC",38,729,-1,0,1115,-5,0,0,1,5
2016,1,30,6,1/30/2016,UA,14107,PHX,"Phoenix, AZ",81,14771,SFO,"San Francisco, CA",91,1715,-3,0,1818,-7,0,0,1,3
2016,1,30,6,1/30/2016,UA,14843,SJU,"San Juan, PR",3,12266,IAH,"Houston, TX",74,1648,141,1,1930,123,1,0,1,9
2016,1,30,6,1/30/2016,UA,13930,ORD,"Chicago, IL",41,13204,MCO,"Orlando, FL",33,1908,-7,0,2233,-25,0,0,1,5
2016,1,30,6,1/30/2016,UA,14771,SFO,"San Francisco, CA",91,12264,IAD,"Washington, DC",38,1038,-4,0,1815,-36,0,0,1,10
2016,1,30,6,1/30/2016,UA,11292,DEN,"Denver, CO",82,11433,DTW,"Detroit, MI",43,1220,-10,0,1647,-41,0,0,1,5
2016,1,30,6,1/30/2016,UA,11433,DTW,"Detroit, MI",43,11292,DEN,"Denver, CO",82,836,66,1,937,36,1,0,1,5
2016,1,30,6,1/30/2016,UA,13930,ORD,"Chicago, IL",41,14771,SFO,"San Francisco, CA",91,1211,-4,0,1506,3,0,0,1,8
2016,1,30,6,1/30/2016,UA,11292,DEN,"Denver, CO",82,10849,BZN,"Bozeman, MT",84,1502,-13,0,1658,-13,0,0,1,3
2016,1,30,6,1/30/2016,UA,11298,DFW,"Dallas/Fort Worth, TX",74,11292,DEN,"Denver, CO",82,919,11,0,1019,-1,0,0,1,3
2016,1,30,6,1/30/2016,UA,14107,PHX,"Phoenix, AZ",81,12264,IAD,"Washington, DC",38,828,-9,0,1426,-18,0,0,1,8
2016,1,30,6,1/30/2016,UA,11292,DEN,"Denver, CO",82,12892,LAX,"Los Angeles, CA",91,1728,-3,0,1854,-19,0,0,1,4
2016,1,30,6,1/30/2016,UA,12892,LAX,"Los Angeles, CA",91,14771,SFO,"San Francisco, CA",91,1112,-8,0,1236,-19,0,0,1,2
2016,1,30,6,1/30/2016,UA,13930,ORD,"Chicago, IL",41,11066,CMH,"Columbus, OH",44,1740,-8,0,1950,-26,0,0,1,2
2016,1,30,6,1/30/2016,UA,12266,IAH,"Houston, TX",74,12264,IAD,"Washington, DC",38,1632,-2,0,2018,-14,0,0,1,5
2016,1,30,6,1/30/2016,UA,14771,SFO,"San Francisco, CA",91,14747,SEA,"Seattle, WA",93,1041,-4,0,1242,-21,0,0,1,3
2016,1,30,6,1/30/2016,UA,14908,SNA,"Santa Ana, CA",91,14771,SFO,"San Francisco, CA",91,752,-8,0,914,-15,0,0,1,2
2016,1,30,6,1/30/2016,UA,14100,PHL,"Philadelphia, PA",23,11292,DEN,"Denver, CO",82,752,-6,0,1003,-37,0,0,1,7
2016,1,30,6,1/30/2016,UA,12889,LAS,"Las Vegas, NV",85,12892,LAX,"Los Angeles, CA",91,553,-12,0,709,-21,0,0,1,1
2016,1,30,6,1/30/2016,UA,12892,LAX,"Los Angeles, CA",91,12264,IAD,"Washington, DC",38,829,-1,0,1619,-6,0,0,1,10
2016,1,30,6,1/30/2016,UA,15304,TPA,"Tampa, FL",33,12264,IAD,"Washington, DC",38,1338,-10,0,1542,-17,0,0,1,4
2016,1,30,6,1/30/2016,UA,12264,IAD,"Washington, DC",38,14747,SEA,"Seattle, WA",93,1732,-3,0,2015,-16,0,0,1,10
2016,1,30,6,1/30/2016,UA,13204,MCO,"Orlando, FL",33,12264,IAD,"Washington, DC",38,1347,-8,0,1548,-17,0,0,1,4
2016,1,30,6,1/30/2016,UA,10423,AUS,"Austin, TX",74,12266,IAH,"Houston, TX",74,831,-6,0,926,-13,0,0,1,1
2016,1,30,6,1/30/2016,UA,11292,DEN,"Denver, CO",82,12173,HNL,"Honolulu, HI",2,1210,40,1,1805,95,1,0,1,11
2016,1,30,6,1/30/2016,UA,15304,TPA,"Tampa, FL",33,11618,EWR,"Newark, NJ",21,648,-6,0,915,-15,0,0,1,4
2016,1,30,6,1/30/2016,UA,13303,MIA,"Miami, FL",33,13930,ORD,"Chicago, IL",41,1230,-5,0,1439,-20,0,0,1,5
2016,1,30,6,1/30/2016,UA,12266,IAH,"Houston, TX",74,14683,SAT,"San Antonio, TX",74,1734,-1,0,1822,-20,0,0,1,1
2016,1,30,6,1/30/2016,UA,12266,IAH,"Houston, TX",74,14683,SAT,"San Antonio, TX",74,852,-8,0,939,-33,0,0,1,1
2016,1,30,6,1/30/2016,UA,14679,SAN,"San Diego, CA",91,14771,SFO,"San Francisco, CA",91,1016,-3,0,1151,-14,0,0,1,2
2016,1,30,6,1/30/2016,UA,12892,LAX,"Los Angeles, CA",91,14771,SFO,"San Francisco, CA",91,2247,12,0,4,6,0,0,1,2
2016,1,30,6,1/30/2016,UA,14057,PDX,"Portland, OR",92,14771,SFO,"San Francisco, CA",91,1459,73,1,1638,62,1,0,1,3
2016,1,30,6,1/30/2016,UA,10721,BOS,"Boston, MA",13,11292,DEN,"Denver, CO",82,727,4,0,1026,-5,0,0,1,8
2016,1,30,6,1/30/2016,UA,11292,DEN,"Denver, CO",82,14747,SEA,"Seattle, WA",93,1116,1,0,1310,-10,0,0,1,5
2016,1,30,6,1/30/2016,UA,12266,IAH,"Houston, TX",74,12441,JAC,"Jackson, WY",88,1011,-9,0,1251,-3,0,0,1,6
2016,1,30,6,1/30/2016,UA,10140,ABQ,"Albuquerque, NM",86,12266,IAH,"Houston, TX",74,834,-13,0,1123,-37,0,0,1,3
2016,1,30,6,1/30/2016,UA,11423,DSM,"Des Moines, IA",61,13930,ORD,"Chicago, IL",41,510,3,0,616,-19,0,0,1,2
2016,1,30,6,1/30/2016,UA,11775,FSD,"Sioux Falls, SD",67,13930,ORD,"Chicago, IL",41,806,-7,0,931,-17,0,0,1,2
2016,1,30,6,1/30/2016,UA,13930,ORD,"Chicago, IL",41,14771,SFO,"San Francisco, CA",91,753,-5,0,1041,-22,0,0,1,8
2016,1,30,6,1/30/2016,UA,13830,OGG,"Kahului, HI",2,13930,ORD,"Chicago, IL",41,1707,-3,0,400,-67,0,0,1,11
2016,1,30,6,1/30/2016,UA,11292,DEN,"Denver, CO",82,11298,DFW,"Dallas/Fort Worth, TX",74,1236,-14,0,1530,-22,0,0,1,3
2016,1,30,6,1/30/2016,UA,12441,JAC,"Jackson, WY",88,14771,SFO,"San Francisco, CA",91,1656,0,0,1845,19,1,0,1,3
2016,1,30,6,1/30/2016,UA,14771,SFO,"San Francisco, CA",91,14747,SEA,"Seattle, WA",93,2319,35,1,109,13,0,0,1,3
2016,1,30,6,1/30/2016,UA,12264,IAD,"Washington, DC",38,10721,BOS,"Boston, MA",13,2217,-8,0,2345,-13,0,0,1,2
2016,1,30,6,1/30/2016,UA,14057,PDX,"Portland, OR",92,14771,SFO,"San Francisco, CA",91,1234,-12,0,1411,-25,0,0,1,3
2016,1,30,6,1/30/2016,UA,15304,TPA,"Tampa, FL",33,11292,DEN,"Denver, CO",82,1605,-4,0,1755,-22,0,0,1,7
2016,1,30,6,1/30/2016,UA,10423,AUS,"Austin, TX",74,14771,SFO,"San Francisco, CA",91,729,-5,0,924,-19,0,0,1,7
2016,1,30,6,1/30/2016,UA,14771,SFO,"San Francisco, CA",91,12889,LAS,"Las Vegas, NV",85,1036,-7,0,1158,-26,0,0,1,2
2016,1,30,6,1/30/2016,UA,12264,IAD,"Washington, DC",38,15304,TPA,"Tampa, FL",33,1727,-8,0,1941,-18,0,0,1,4
2016,1,30,6,1/30/2016,UA,13930,ORD,"Chicago, IL",41,13303,MIA,"Miami, FL",33,1915,0,0,2305,-14,0,0,1,5
2016,1,30,6,1/30/2016,UA,12266,IAH,"Houston, TX",74,14492,RDU,"Raleigh/Durham, NC",36,1916,0,0,2236,-13,0,0,1,5
2016,1,30,6,1/30/2016,UA,12264,IAD,"Washington, DC",38,14107,PHX,"Phoenix, AZ",81,1743,-2,0,2039,-24,0,0,1,8
2016,1,30,6,1/30/2016,UA,11292,DEN,"Denver, CO",82,10140,ABQ,"Albuquerque, NM",86,1850,-10,0,1012,,,0,1,2
2016,1,30,6,1/30/2016,UA,14057,PDX,"Portland, OR",92,11618,EWR,"Newark, NJ",21,747,-3,0,1540,-19,0,0,1,10
2016,1,30,6,1/30/2016,UA,11618,EWR,"Newark, NJ",21,14843,SJU,"San Juan, PR",3,658,-2,0,1132,-23,0,0,1,7
2016,1,30,6,1/30/2016,UA,14679,SAN,"San Diego, CA",91,14771,SFO,"San Francisco, CA",91,1511,-9,0,1643,-11,0,0,1,2
2016,1,30,6,1/30/2016,UA,14107,PHX,"Phoenix, AZ",81,14771,SFO,"San Francisco, CA",91,823,-3,0,924,-15,0,0,1,3
2016,1,30,6,1/30/2016,UA,11292,DEN,"Denver, CO",82,12266,IAH,"Houston, TX",74,547,-3,0,905,-12,0,0,1,4
2016,1,30,6,1/30/2016,UA,13930,ORD,"Chicago, IL",41,12266,IAH,"Houston, TX",74,1231,3,0,1502,-21,0,0,1,4
2016,1,30,6,1/30/2016,UA,10620,BIL,"Billings, MT",84,11292,DEN,"Denver, CO",82,711,-12,0,841,-15,0,0,1,2
2016,1,30,6,1/30/2016,UA,14771,SFO,"San Francisco, CA",91,12266,IAH,"Houston, TX",74,1058,-5,0,1642,-11,0,0,1,7
2016,1,30,6,1/30/2016,UA,12264,IAD,"Washington, DC",38,13204,MCO,"Orlando, FL",33,820,-10,0,1029,-29,0,0,1,4
2016,1,30,6,1/30/2016,UA,11618,EWR,"Newark, NJ",21,13204,MCO,"Orlando, FL",33,1327,-3,0,1609,-22,0,0,1,4
2016,1,30,6,1/30/2016,UA,13204,MCO,"Orlando, FL",33,14771,SFO,"San Francisco, CA",91,1824,28,1,2119,21,1,0,1,10
2016,1,30,6,1/30/2016,UA,13930,ORD,"Chicago, IL",41,14107,PHX,"Phoenix, AZ",81,1606,-2,0,1857,-13,0,0,1,6
2016,1,30,6,1/30/2016,UA,12173,HNL,"Honolulu, HI",2,11292,DEN,"Denver, CO",82,2049,-1,0,555,-62,0,0,1,11
2016,1,30,6,1/30/2016,UA,14679,SAN,"San Diego, CA",91,14771,SFO,"San Francisco, CA",91,1927,-7,0,2100,-14,0,0,1,2
2016,1,30,6,1/30/2016,UA,12266,IAH,"Houston, TX",74,14771,SFO,"San Francisco, CA",91,2151,34,1,2354,14,0,0,1,7
2016,1,30,6,1/30/2016,UA,12441,JAC,"Jackson, WY",88,11292,DEN,"Denver, CO",82,1440,-7,0,1614,-5,0,0,1,2
2016,1,30,6,1/30/2016,UA,14843,SJU,"San Juan, PR",3,11042,CLE,"Cleveland, OH",44,1501,1,0,1820,-20,0,0,1,8
2016,1,30,6,1/30/2016,UA,15304,TPA,"Tampa, FL",33,11292,DEN,"Denver, CO",82,637,-8,0,836,-24,0,0,1,7
2016,1,30,6,1/30/2016,UA,10721,BOS,"Boston, MA",13,12264,IAD,"Washington, DC",38,526,-4,0,648,-34,0,0,1,2
2016,1,30,6,1/30/2016,UA,14771,SFO,"San Francisco, CA",91,12889,LAS,"Las Vegas, NV",85,923,-7,0,1040,-30,0,0,1,2
2016,1,30,6,1/30/2016,UA,11292,DEN,"Denver, CO",82,13204,MCO,"Orlando, FL",33,1230,-1,0,1745,-19,0,0,1,7
2016,1,30,6,1/30/2016,UA,12892,LAX,"Los Angeles, CA",91,11292,DEN,"Denver, CO",82,818,-6,0,1141,-17,0,0,1,4
2016,1,30,6,1/30/2016,UA,13204,MCO,"Orlando, FL",33,12264,IAD,"Washington, DC",38,1853,-7,0,2056,-16,0,0,1,4
2016,1,30,6,1/30/2016,UA,11292,DEN,"Denver, CO",82,15304,TPA,"Tampa, FL",33,1527,-6,0,2032,-24,0,0,1,7
2016,1,30,6,1/30/2016,UA,13930,ORD,"Chicago, IL",41,14679,SAN,"San Diego, CA",91,1621,16,1,1840,2,0,0,1,7
2016,1,30,6,1/30/2016,UA,12173,HNL,"Honolulu, HI",2,14771,SFO,"San Francisco, CA",91,2246,51,1,512,17,1,0,1,10
2016,1,30,6,1/30/2016,UA,13930,ORD,"Chicago, IL",41,15304,TPA,"Tampa, FL",33,1424,25,1,1749,4,0,0,1,5
2016,1,30,6,1/30/2016,UA,15376,TUS,"Tucson, AZ",81,11292,DEN,"Denver, CO",82,1418,-13,0,1600,-35,0,0,1,3
2016,1,30,6,1/30/2016,UA,10849,BZN,"Bozeman, MT",84,13930,ORD,"Chicago, IL",41,1307,32,1,1645,14,0,0,1,5
2016,1,30,6,1/30/2016,UA,14771,SFO,"San Francisco, CA",91,12264,IAD,"Washington, DC",38,908,27,1,1642,-8,0,0,1,10
2016,1,2,6,1/2/2016,AS,14908,SNA,"Santa Ana, CA",91,14057,PDX,"Portland, OR",92,934,-16,0,1147,-28,0,0,1,4
2016,1,2,6,1/2/2016,AS,14057,PDX,"Portland, OR",92,14262,PSP,"Palm Springs, CA",91,1453,333,1,1713,338,1,0,1,4
2016,1,2,6,1/2/2016,AS,14262,PSP,"Palm Springs, CA",91,14057,PDX,"Portland, OR",92,1421,-4,0,1637,-13,0,0,1,4
2016,1,2,6,1/2/2016,AS,14057,PDX,"Portland, OR",92,14908,SNA,"Santa Ana, CA",91,1531,-4,0,1748,-2,0,0,1,4
2016,1,2,6,1/2/2016,AS,14747,SEA,"Seattle, WA",93,12889,LAS,"Las Vegas, NV",85,1052,32,1,1321,36,1,0,1,4
2016,1,2,6,1/2/2016,AS,12889,LAS,"Las Vegas, NV",85,14747,SEA,"Seattle, WA",93,2200,-10,0,19,-26,0,0,1,4
2016,1,2,6,1/2/2016,AS,14747,SEA,"Seattle, WA",93,12889,LAS,"Las Vegas, NV",85,603,-2,0,820,-5,0,0,1,4
2016,1,2,6,1/2/2016,AS,14747,SEA,"Seattle, WA",93,12889,LAS,"Las Vegas, NV",85,1638,-7,0,1859,-6,0,0,1,4
2016,1,2,6,1/2/2016,AS,12889,LAS,"Las Vegas, NV",85,14747,SEA,"Seattle, WA",93,1301,1,0,1521,-14,0,0,1,4
2016,1,2,6,1/2/2016,AS,14747,SEA,"Seattle, WA",93,12889,LAS,"Las Vegas, NV",85,1959,4,0,2218,3,0,0,1,4
2016,1,2,6,1/2/2016,AS,12889,LAS,"Las Vegas, NV",85,14747,SEA,"Seattle, WA",93,2258,-7,0,118,-22,0,0,1,4
2016,1,2,6,1/2/2016,AS,14747,SEA,"Seattle, WA",93,12889,LAS,"Las Vegas, NV",85,2158,18,1,19,20,1,0,1,4
2016,1,2,6,1/2/2016,AS,12889,LAS,"Las Vegas, NV",85,14747,SEA,"Seattle, WA",93,1501,-9,0,1726,-29,0,0,1,4
2016,1,2,6,1/2/2016,AS,12889,LAS,"Las Vegas, NV",85,14747,SEA,"Seattle, WA",93,2002,7,0,2227,-7,0,0,1,4
2016,1,2,6,1/2/2016,AS,14747,SEA,"Seattle, WA",93,12889,LAS,"Las Vegas, NV",85,702,-3,0,931,1,0,0,1,4
2016,1,2,6,1/2/2016,AS,12889,LAS,"Las Vegas, NV",85,14747,SEA,"Seattle, WA",93,642,-8,0,913,-17,0,0,1,4
2016,1,2,6,1/2/2016,AS,14747,SEA,"Seattle, WA",93,12889,LAS,"Las Vegas, NV",85,1842,-13,0,2105,-15,0,0,1,4
2016,1,2,6,1/2/2016,AS,12889,LAS,"Las Vegas, NV",85,14747,SEA,"Seattle, WA",93,904,-11,0,1134,-19,0,0,1,4
2016,1,2,6,1/2/2016,AS,12889,LAS,"Las Vegas, NV",85,14747,SEA,"Seattle, WA",93,1053,-7,0,1315,-30,0,0,1,4
2016,1,2,6,1/2/2016,AS,14057,PDX,"Portland, OR",92,12889,LAS,"Las Vegas, NV",85,1656,-9,0,1916,11,0,0,1,4
2016,1,2,6,1/2/2016,AS,12889,LAS,"Las Vegas, NV",85,14057,PDX,"Portland, OR",92,1949,-6,0,2155,-15,0,0,1,4
2016,1,2,6,1/2/2016,AS,14747,SEA,"Seattle, WA",93,14107,PHX,"Phoenix, AZ",81,1905,15,1,2251,11,0,0,1,5
2016,1,2,6,1/2/2016,AS,14057,PDX,"Portland, OR",92,12889,LAS,"Las Vegas, NV",85,2058,-2,0,2303,-1,0,0,1,4
2016,1,2,6,1/2/2016,AS,14107,PHX,"Phoenix, AZ",81,14747,SEA,"Seattle, WA",93,1158,-2,0,1346,-21,0,0,1,5
2016,1,2,6,1/2/2016,AS,14057,PDX,"Portland, OR",92,12889,LAS,"Las Vegas, NV",85,754,-6,0,957,-8,0,0,1,4
2016,1,2,6,1/2/2016,AS,12889,LAS,"Las Vegas, NV",85,14057,PDX,"Portland, OR",92,1014,-6,0,1218,-17,0,0,1,4
2016,1,2,6,1/2/2016,AS,10666,BLI,"Bellingham, WA",93,12889,LAS,"Las Vegas, NV",85,930,-10,0,1217,7,0,0,1,4
2016,1,2,6,1/2/2016,AS,12889,LAS,"Las Vegas, NV",85,14057,PDX,"Portland, OR",92,646,-4,0,857,-10,0,0,1,4
2016,1,2,6,1/2/2016,AS,14107,PHX,"Phoenix, AZ",81,14747,SEA,"Seattle, WA",93,607,7,0,750,-10,0,0,1,5
2016,1,2,6,1/2/2016,AS,14107,PHX,"Phoenix, AZ",81,14747,SEA,"Seattle, WA",93,1544,-6,0,1735,-20,0,0,1,5
2016,1,2,6,1/2/2016,AS,14747,SEA,"Seattle, WA",93,14107,PHX,"Phoenix, AZ",81,717,12,0,1108,11,0,0,1,5
2016,1,2,6,1/2/2016,AS,14107,PHX,"Phoenix, AZ",81,14747,SEA,"Seattle, WA",93,754,-6,0,938,-32,0,0,1,5
2016,1,2,6,1/2/2016,AS,14057,PDX,"Portland, OR",92,14107,PHX,"Phoenix, AZ",81,1930,-5,0,2256,-4,0,0,1,5
2016,1,2,6,1/2/2016,AS,15376,TUS,"Tucson, AZ",81,14747,SEA,"Seattle, WA",93,1436,-4,0,1622,-38,0,0,1,5
2016,1,2,6,1/2/2016,AS,14107,PHX,"Phoenix, AZ",81,14747,SEA,"Seattle, WA",93,1925,-10,0,2115,-24,0,0,1,5
2016,1,2,6,1/2/2016,AS,14057,PDX,"Portland, OR",92,14107,PHX,"Phoenix, AZ",81,940,-5,0,1310,-3,0,0,1,5
2016,1,2,6,1/2/2016,AS,14747,SEA,"Seattle, WA",93,14107,PHX,"Phoenix, AZ",81,1450,0,0,1829,-4,0,0,1,5
2016,1,2,6,1/2/2016,AS,14747,SEA,"Seattle, WA",93,15376,TUS,"Tucson, AZ",81,1001,16,1,1351,8,0,0,1,5
2016,1,2,6,1/2/2016,AS,12889,LAS,"Las Vegas, NV",85,10666,BLI,"Bellingham, WA",93,1402,27,1,1626,6,0,0,1,4
2016,1,2,6,1/2/2016,AS,14057,PDX,"Portland, OR",92,11298,DFW,"Dallas/Fort Worth, TX",74,951,1,0,1540,10,0,0,1,7
2016,1,2,6,1/2/2016,AS,11298,DFW,"Dallas/Fort Worth, TX",74,14747,SEA,"Seattle, WA",93,1335,15,1,1530,-10,0,0,1,7
2016,1,2,6,1/2/2016,AS,14747,SEA,"Seattle, WA",93,14107,PHX,"Phoenix, AZ",81,2021,1,0,2359,0,0,0,1,5
2016,1,6,3,1/6/2016,AS,10299,ANC,"Anchorage, AK",1,14057,PDX,"Portland, OR",92,136,-4,0,618,8,0,0,1,7
2016,1,6,3,1/6/2016,AS,14747,SEA,"Seattle, WA",93,10299,ANC,"Anchorage, AK",1,2350,-5,0,208,-43,0,0,1,6
2016,1,6,3,1/6/2016,AS,14747,SEA,"Seattle, WA",93,11630,FAI,"Fairbanks, AK",1,1349,-6,0,1618,-30,0,0,1,7
2016,1,6,3,1/6/2016,AS,11630,FAI,"Fairbanks, AK",1,14747,SEA,"Seattle, WA",93,1735,-10,0,2208,-22,0,0,1,7
2016,1,6,3,1/6/2016,AS,11630,FAI,"Fairbanks, AK",1,14747,SEA,"Seattle, WA",93,626,-4,0,1125,15,1,0,1,7
2016,1,6,3,1/6/2016,AS,14747,SEA,"Seattle, WA",93,11630,FAI,"Fairbanks, AK",1,2315,-5,0,142,-39,0,0,1,7
2016,1,6,3,1/6/2016,AS,11630,FAI,"Fairbanks, AK",1,14747,SEA,"Seattle, WA",93,110,-5,0,554,-1,0,0,1,7
2016,1,6,3,1/6/2016,AS,14057,PDX,"Portland, OR",92,10299,ANC,"Anchorage, AK",1,934,4,0,1200,-30,0,0,1,7
2016,1,6,3,1/6/2016,AS,10299,ANC,"Anchorage, AK",1,14057,PDX,"Portland, OR",92,47,-8,0,525,-4,0,0,1,7
2016,1,6,3,1/6/2016,AS,10299,ANC,"Anchorage, AK",1,14747,SEA,"Seattle, WA",93,201,16,1,628,18,1,0,1,6
2016,1,6,3,1/6/2016,AS,10299,ANC,"Anchorage, AK",1,14057,PDX,"Portland, OR",92,1209,9,0,1654,19,1,0,1,7
2016,1,6,3,1/6/2016,AS,14057,PDX,"Portland, OR",92,10299,ANC,"Anchorage, AK",1,2144,14,0,17,-12,0,0,1,7
2016,1,6,3,1/6/2016,AS,14057,PDX,"Portland, OR",92,10299,ANC,"Anchorage, AK",1,2245,5,0,116,-23,0,0,1,7
2016,1,6,3,1/6/2016,AS,14747,SEA,"Seattle, WA",93,10299,ANC,"Anchorage, AK",1,1728,-2,0,1943,-32,0,0,1,6
2016,1,6,3,1/6/2016,AS,10299,ANC,"Anchorage, AK",1,12892,LAX,"Los Angeles, CA",91,2359,9,0,559,-16,0,0,1,10
2016,1,6,3,1/6/2016,AS,10299,ANC,"Anchorage, AK",1,13873,OME,"Nome, AK",1,1007,2,0,1143,-2,0,0,1,3
2016,1,6,3,1/6/2016,AS,13873,OME,"Nome, AK",1,10299,ANC,"Anchorage, AK",1,1232,-3,0,1403,3,0,0,1,3
2016,1,6,3,1/6/2016,AS,13873,OME,"Nome, AK",1,10299,ANC,"Anchorage, AK",1,2021,-8,0,2144,-10,0,0,1,3
2016,1,6,3,1/6/2016,AS,13970,OTZ,"Kotzebue, AK",1,13873,OME,"Nome, AK",1,1849,-12,0,1936,-7,0,0,1,1
2016,1,6,3,1/6/2016,AS,10299,ANC,"Anchorage, AK",1,13970,OTZ,"Kotzebue, AK",1,1636,-4,0,1805,-10,0,0,1,3
2016,1,6,3,1/6/2016,AS,13970,OTZ,"Kotzebue, AK",1,10299,ANC,"Anchorage, AK",1,950,67,1,1117,64,1,0,1,3
2016,1,6,3,1/6/2016,AS,10299,ANC,"Anchorage, AK",1,13970,OTZ,"Kotzebue, AK",1,741,91,1,910,77,1,0,1,3
2016,1,6,3,1/6/2016,AS,10299,ANC,"Anchorage, AK",1,14747,SEA,"Seattle, WA",93,1746,-14,0,2228,3,0,0,1,6
2016,1,6,3,1/6/2016,AS,10299,ANC,"Anchorage, AK",1,11630,FAI,"Fairbanks, AK",1,2300,-5,0,2354,-5,0,0,1,2
2016,1,6,3,1/6/2016,AS,12892,LAX,"Los Angeles, CA",91,10299,ANC,"Anchorage, AK",1,2354,-1,0,407,-38,0,0,1,10
2016,1,6,3,1/6/2016,AS,10299,ANC,"Anchorage, AK",1,14747,SEA,"Seattle, WA",93,1055,-5,0,1537,7,0,0,1,6
2016,1,6,3,1/6/2016,AS,14057,PDX,"Portland, OR",92,14771,SFO,"San Francisco, CA",91,653,-7,0,859,-8,0,0,1,3
2016,1,6,3,1/6/2016,AS,14771,SFO,"San Francisco, CA",91,14057,PDX,"Portland, OR",92,2046,21,1,2224,15,1,0,1,3
2016,1,6,3,1/6/2016,AS,14679,SAN,"San Diego, CA",91,14747,SEA,"Seattle, WA",93,1753,13,0,2034,-6,0,0,1,5
2016,1,6,3,1/6/2016,AS,14747,SEA,"Seattle, WA",93,14679,SAN,"San Diego, CA",91,647,-3,0,930,0,0,0,1,5
2016,1,6,3,1/6/2016,AS,14747,SEA,"Seattle, WA",93,14908,SNA,"Santa Ana, CA",91,554,-6,0,841,4,0,0,1,4
2016,1,6,3,1/6/2016,AS,14908,SNA,"Santa Ana, CA",91,14747,SEA,"Seattle, WA",93,1831,6,0,2107,-12,0,0,1,4
2016,1,6,3,1/6/2016,AS,14747,SEA,"Seattle, WA",93,14771,SFO,"San Francisco, CA",91,2145,-5,0,2348,-8,0,0,1,3
2016,1,6,3,1/6/2016,AS,14771,SFO,"San Francisco, CA",91,14747,SEA,"Seattle, WA",93,955,0,0,1155,-5,0,0,1,3
2016,1,6,3,1/6/2016,AS,14747,SEA,"Seattle, WA",93,14771,SFO,"San Francisco, CA",91,1947,72,1,2153,58,1,0,1,3
2016,1,6,3,1/6/2016,AS,14771,SFO,"San Francisco, CA",91,14262,PSP,"Palm Springs, CA",91,2240,50,1,16,63,1,0,1,2
2016,1,6,3,1/6/2016,AS,14747,SEA,"Seattle, WA",93,14771,SFO,"San Francisco, CA",91,1318,113,1,1531,111,1,0,1,3
2016,1,6,3,1/6/2016,AS,14771,SFO,"San Francisco, CA",91,14262,PSP,"Palm Springs, CA",91,1613,98,1,1757,118,1,0,1,2
2016,1,6,3,1/6/2016,AS,14771,SFO,"San Francisco, CA",91,14747,SEA,"Seattle, WA",93,,,,,,,1,1,3
2016,1,6,3,1/6/2016,AS,14771,SFO,"San Francisco, CA",91,14747,SEA,"Seattle, WA",93,2030,5,0,2230,-5,0,0,1,3
2016,1,6,3,1/6/2016,AS,14747,SEA,"Seattle, WA",93,14771,SFO,"San Francisco, CA",91,1725,50,1,1927,40,1,0,1,3
2016,1,6,3,1/6/2016,AS,14771,SFO,"San Francisco, CA",91,14747,SEA,"Seattle, WA",93,825,-5,0,1037,-3,0,0,1,3
2016,1,6,3,1/6/2016,AS,14771,SFO,"San Francisco, CA",91,14747,SEA,"Seattle, WA",93,633,-12,0,841,-13,0,0,1,3
2016,1,6,3,1/6/2016,AS,14771,SFO,"San Francisco, CA",91,14747,SEA,"Seattle, WA",93,1653,18,1,1857,17,1,0,1,3
2016,1,6,3,1/6/2016,AS,14747,SEA,"Seattle, WA",93,14771,SFO,"San Francisco, CA",91,1415,35,1,1623,33,1,0,1,3
2016,1,6,3,1/6/2016,AS,14747,SEA,"Seattle, WA",93,14771,SFO,"San Francisco, CA",91,954,4,0,,,,0,1,3
2016,1,6,3,1/6/2016,AS,14831,SJC,"San Jose, CA",91,14747,SEA,"Seattle, WA",93,1840,-10,0,2032,-28,0,0,1,3
2016,1,6,3,1/6/2016,AS,14747,SEA,"Seattle, WA",93,14771,SFO,"San Francisco, CA",91,553,-7,0,752,-16,0,0,1,3
2016,1,6,3,1/6/2016,AS,14831,SJC,"San Jose, CA",91,14747,SEA,"Seattle, WA",93,626,-4,0,826,-9,0,0,1,3
2016,1,6,3,1/6/2016,AS,12892,LAX,"Los Angeles, CA",91,14747,SEA,"Seattle, WA",93,1552,92,1,1825,76,1,0,1,4
2016,1,6,3,1/6/2016,AS,14747,SEA,"Seattle, WA",93,14831,SJC,"San Jose, CA",91,554,-6,0,813,4,0,0,1,3
2016,1,6,3,1/6/2016,AS,14747,SEA,"Seattle, WA",93,14831,SJC,"San Jose, CA",91,1244,-6,0,1445,-9,0,0,1,3
2016,1,6,3,1/6/2016,AS,14831,SJC,"San Jose, CA",91,14747,SEA,"Seattle, WA",93,934,-11,0,1128,-22,0,0,1,3
2016,1,6,3,1/6/2016,AS,14747,SEA,"Seattle, WA",93,14831,SJC,"San Jose, CA",91,1815,-5,0,2017,-8,0,0,1,3
2016,1,6,3,1/6/2016,AS,14747,SEA,"Seattle, WA",93,14831,SJC,"San Jose, CA",91,948,-2,0,1148,-12,0,0,1,3
2016,1,6,3,1/6/2016,AS,14831,SJC,"San Jose, CA",91,14747,SEA,"Seattle, WA",93,1542,-8,0,1738,-16,0,0,1,3
2016,1,6,3,1/6/2016,AS,14747,SEA,"Seattle, WA",93,14831,SJC,"San Jose, CA",91,2012,-8,0,2210,-11,0,0,1,3
2016,1,6,3,1/6/2016,AS,14771,SFO,"San Francisco, CA",91,14747,SEA,"Seattle, WA",93,2113,108,1,2306,91,1,0,1,3
2016,1,6,3,1/6/2016,AS,14262,PSP,"Palm Springs, CA",91,14771,SFO,"San Francisco, CA",91,1842,107,1,2030,120,1,0,1,2
2016,1,6,3,1/6/2016,AS,14747,SEA,"Seattle, WA",93,13796,OAK,"Oakland, CA",91,557,-3,0,752,-13,0,0,1,3
2016,1,6,3,1/6/2016,AS,13796,OAK,"Oakland, CA",91,14747,SEA,"Seattle, WA",93,1308,-7,0,1459,-10,0,0,1,3
2016,1,6,3,1/6/2016,AS,13796,OAK,"Oakland, CA",91,14747,SEA,"Seattle, WA",93,558,-2,0,853,53,1,0,1,3
2016,1,6,3,1/6/2016,AS,13796,OAK,"Oakland, CA",91,14747,SEA,"Seattle, WA",93,929,-6,0,1117,-23,0,0,1,3
2016,1,6,3,1/6/2016,AS,14747,SEA,"Seattle, WA",93,13796,OAK,"Oakland, CA",91,2139,-6,0,7,25,1,0,1,3
2016,1,6,3,1/6/2016,AS,14893,SMF,"Sacramento, CA",91,14747,SEA,"Seattle, WA",93,1443,3,0,1619,-11,0,0,1,3
2016,1,6,3,1/6/2016,AS,14747,SEA,"Seattle, WA",93,14893,SMF,"Sacramento, CA",91,942,42,1,1131,42,1,0,1,3
2016,1,6,3,1/6/2016,AS,14747,SEA,"Seattle, WA",93,13796,OAK,"Oakland, CA",91,1008,-2,0,1201,-12,0,0,1,3
2016,1,6,3,1/6/2016,AS,14893,SMF,"Sacramento, CA",91,14747,SEA,"Seattle, WA",93,633,-7,0,818,-27,0,0,1,3
2016,1,6,3,1/6/2016,AS,14747,SEA,"Seattle, WA",93,14893,SMF,"Sacramento, CA",91,1938,-7,0,2120,-11,0,0,1,3
2016,1,6,3,1/6/2016,AS,14893,SMF,"Sacramento, CA",91,14747,SEA,"Seattle, WA",93,1212,32,1,1340,6,0,0,1,3
2016,1,6,3,1/6/2016,AS,14747,SEA,"Seattle, WA",93,14893,SMF,"Sacramento, CA",91,1213,3,0,1356,6,0,0,1,3
2016,1,6,3,1/6/2016,AS,14771,SFO,"San Francisco, CA",91,14057,PDX,"Portland, OR",92,,,,,,,1,1,3
2016,1,6,3,1/6/2016,AS,14057,PDX,"Portland, OR",92,14771,SFO,"San Francisco, CA",91,1005,-5,0,,,,0,1,3
2016,1,6,3,1/6/2016,AS,14771,SFO,"San Francisco, CA",91,14057,PDX,"Portland, OR",92,832,-8,0,1021,-8,0,0,1,3
2016,1,6,3,1/6/2016,AS,14057,PDX,"Portland, OR",92,14771,SFO,"San Francisco, CA",91,1940,85,1,2125,75,1,0,1,3
2016,1,6,3,1/6/2016,AS,14771,SFO,"San Francisco, CA",91,14057,PDX,"Portland, OR",92,1729,39,1,1906,32,1,0,1,3
2016,1,6,3,1/6/2016,AS,14831,SJC,"San Jose, CA",91,14747,SEA,"Seattle, WA",93,1243,-7,0,1430,-25,0,0,1,3
2016,1,6,3,1/6/2016,AS,14057,PDX,"Portland, OR",92,14771,SFO,"San Francisco, CA",91,1332,-3,0,1604,39,1,0,1,3
2016,1,6,3,1/6/2016,AS,14831,SJC,"San Jose, CA",91,14057,PDX,"Portland, OR",92,1946,51,1,2123,44,1,0,1,3
2016,1,6,3,1/6/2016,AS,14057,PDX,"Portland, OR",92,14831,SJC,"San Jose, CA",91,1744,84,1,1927,85,1,0,1,3
2016,1,6,3,1/6/2016,AS,14057,PDX,"Portland, OR",92,14831,SJC,"San Jose, CA",91,2005,-5,0,2143,-7,0,0,1,3
2016,1,6,3,1/6/2016,AS,14831,SJC,"San Jose, CA",91,14057,PDX,"Portland, OR",92,1319,404,1,1451,391,1,0,1,3
2016,1,6,3,1/6/2016,AS,14057,PDX,"Portland, OR",92,14831,SJC,"San Jose, CA",91,555,-5,0,739,-6,0,0,1,3
2016,1,6,3,1/6/2016,AS,14831,SJC,"San Jose, CA",91,14057,PDX,"Portland, OR",92,832,-3,0,1005,-14,0,0,1,3
2016,1,6,3,1/6/2016,AS,14057,PDX,"Portland, OR",92,14831,SJC,"San Jose, CA",91,1107,-3,0,1250,-1,0,0,1,3
2016,1,6,3,1/6/2016,AS,14831,SJC,"San Jose, CA",91,14057,PDX,"Portland, OR",92,1335,-10,0,1511,-18,0,0,1,3
2016,1,6,3,1/6/2016,AS,14747,SEA,"Seattle, WA",93,12892,LAX,"Los Angeles, CA",91,1319,4,0,1604,10,0,0,1,4
2016,1,6,3,1/6/2016,AS,14747,SEA,"Seattle, WA",93,12892,LAX,"Los Angeles, CA",91,1811,1,0,2048,-2,0,0,1,4
2016,1,6,3,1/6/2016,AS,14869,SLC,"Salt Lake City, UT",87,14747,SEA,"Seattle, WA",93,1703,-7,0,1758,-31,0,0,1,3
2016,1,6,3,1/6/2016,AS,14747,SEA,"Seattle, WA",93,14057,PDX,"Portland, OR",92,2224,-6,0,2309,-6,0,0,1,1
2016,1,6,3,1/6/2016,AS,14747,SEA,"Seattle, WA",93,12892,LAX,"Los Angeles, CA",91,652,-3,0,938,3,0,0,1,4
2016,1,1,5,1/1/2016,WN,10423,AUS,"Austin, TX",74,11292,DEN,"Denver, CO",82,1530,0,0,1636,-14,0,0,1,4
2016,1,1,5,1/1/2016,WN,10423,AUS,"Austin, TX",74,11540,ELP,"El Paso, TX",74,2032,-3,0,2108,-7,0,0,1,3
2016,1,1,5,1/1/2016,WN,10423,AUS,"Austin, TX",74,11540,ELP,"El Paso, TX",74,1412,7,0,1448,3,0,0,1,3
2016,1,1,5,1/1/2016,WN,10423,AUS,"Austin, TX",74,11618,EWR,"Newark, NJ",21,1350,20,1,1804,9,0,0,1,7
2016,1,1,5,1/1/2016,WN,10423,AUS,"Austin, TX",74,11697,FLL,"Fort Lauderdale, FL",33,1346,1,0,1709,-6,0,0,1,5
2016,1,1,5,1/1/2016,WN,10423,AUS,"Austin, TX",74,11697,FLL,"Fort Lauderdale, FL",33,1049,-1,0,1413,-7,0,0,1,5
2016,1,1,5,1/1/2016,WN,10423,AUS,"Austin, TX",74,12191,HOU,"Houston, TX",74,923,-2,0,1004,-11,0,0,1,1
2016,1,1,5,1/1/2016,WN,10423,AUS,"Austin, TX",74,12191,HOU,"Houston, TX",74,1215,0,0,1258,-7,0,0,1,1
2016,1,1,5,1/1/2016,WN,10423,AUS,"Austin, TX",74,12191,HOU,"Houston, TX",74,1554,-1,0,1636,-9,0,0,1,1
2016,1,1,5,1/1/2016,WN,10423,AUS,"Austin, TX",74,12191,HOU,"Houston, TX",74,1804,-1,0,1851,-9,0,0,1,1
2016,1,1,5,1/1/2016,WN,10423,AUS,"Austin, TX",74,12191,HOU,"Houston, TX",74,2046,-4,0,2137,-8,0,0,1,1
2016,1,1,5,1/1/2016,WN,10423,AUS,"Austin, TX",74,12206,HRL,"Harlingen/San Benito, TX",74,1534,9,0,1949,,,0,1,2
2016,1,1,5,1/1/2016,WN,10423,AUS,"Austin, TX",74,12889,LAS,"Las Vegas, NV",85,2038,-2,0,2121,-19,0,0,1,5
2016,1,1,5,1/1/2016,WN,10423,AUS,"Austin, TX",74,12889,LAS,"Las Vegas, NV",85,955,0,0,1050,-5,0,0,1,5
2016,1,1,5,1/1/2016,WN,10423,AUS,"Austin, TX",74,12889,LAS,"Las Vegas, NV",85,1442,-3,0,1533,-12,0,0,1,5
2016,1,1,5,1/1/2016,WN,10423,AUS,"Austin, TX",74,12892,LAX,"Los Angeles, CA",91,1638,-2,0,1810,5,0,0,1,5
2016,1,1,5,1/1/2016,WN,10423,AUS,"Austin, TX",74,12896,LBB,"Lubbock, TX",74,2150,-5,0,2256,-9,0,0,1,2
2016,1,1,5,1/1/2016,WN,10423,AUS,"Austin, TX",74,13204,MCO,"Orlando, FL",33,1726,1,0,2038,-12,0,0,1,4
2016,1,1,5,1/1/2016,WN,10423,AUS,"Austin, TX",74,13232,MDW,"Chicago, IL",41,1833,3,0,2054,-11,0,0,1,4
2016,1,1,5,1/1/2016,WN,10423,AUS,"Austin, TX",74,13232,MDW,"Chicago, IL",41,1318,103,1,1538,93,1,0,1,4
2016,1,1,5,1/1/2016,WN,10423,AUS,"Austin, TX",74,13495,MSY,"New Orleans, LA",72,1103,-2,0,1220,0,0,0,1,2
2016,1,1,5,1/1/2016,WN,10423,AUS,"Austin, TX",74,13796,OAK,"Oakland, CA",91,1759,-6,0,1938,-27,0,0,1,6
2016,1,1,5,1/1/2016,WN,10423,AUS,"Austin, TX",74,14107,PHX,"Phoenix, AZ",81,1815,-5,0,1949,-6,0,0,1,4
2016,1,1,5,1/1/2016,WN,10423,AUS,"Austin, TX",74,14107,PHX,"Phoenix, AZ",81,1039,-1,0,1213,-2,0,0,1,4
2016,1,1,5,1/1/2016,WN,10423,AUS,"Austin, TX",74,14107,PHX,"Phoenix, AZ",81,1414,9,0,1540,0,0,0,1,4
2016,1,1,5,1/1/2016,WN,10423,AUS,"Austin, TX",74,14679,SAN,"San Diego, CA",91,2102,47,1,2158,38,1,0,1,5
2016,1,1,5,1/1/2016,WN,10423,AUS,"Austin, TX",74,14679,SAN,"San Diego, CA",91,1225,0,0,1331,-4,0,0,1,5
2016,1,1,5,1/1/2016,WN,10423,AUS,"Austin, TX",74,14747,SEA,"Seattle, WA",93,1214,9,0,1412,-23,0,0,1,8
2016,1,1,5,1/1/2016,WN,10423,AUS,"Austin, TX",74,14831,SJC,"San Jose, CA",91,1857,-3,0,2054,-1,0,0,1,6
2016,1,1,5,1/1/2016,WN,10423,AUS,"Austin, TX",74,14908,SNA,"Santa Ana, CA",91,1300,-5,0,1412,-3,0,0,1,5
2016,1,1,5,1/1/2016,WN,10423,AUS,"Austin, TX",74,15016,STL,"St. Louis, MO",64,1027,-8,0,1215,-15,0,0,1,3
2016,1,1,5,1/1/2016,WN,10423,AUS,"Austin, TX",74,15304,TPA,"Tampa, FL",33,1418,-2,0,1722,-8,0,0,1,4
2016,1,1,5,1/1/2016,WN,10529,BDL,"Hartford, CT",11,10821,BWI,"Baltimore, MD",35,2041,11,0,2140,-10,0,0,1,2
2016,1,1,5,1/1/2016,WN,10529,BDL,"Hartford, CT",11,10821,BWI,"Baltimore, MD",35,1055,60,1,1220,70,1,0,1,2
2016,1,1,5,1/1/2016,WN,10529,BDL,"Hartford, CT",11,10821,BWI,"Baltimore, MD",35,1152,-3,0,1304,-6,0,0,1,2
2016,1,1,5,1/1/2016,WN,10529,BDL,"Hartford, CT",11,10821,BWI,"Baltimore, MD",35,1536,1,0,1644,-6,0,0,1,2
2016,1,1,5,1/1/2016,WN,10529,BDL,"Hartford, CT",11,10821,BWI,"Baltimore, MD",35,1751,11,0,1918,13,0,0,1,2
2016,1,1,5,1/1/2016,WN,10529,BDL,"Hartford, CT",11,11292,DEN,"Denver, CO",82,828,-2,0,1059,-6,0,0,1,7
2016,1,1,5,1/1/2016,WN,10529,BDL,"Hartford, CT",11,11697,FLL,"Fort Lauderdale, FL",33,903,-2,0,1211,-14,0,0,1,5
2016,1,1,5,1/1/2016,WN,10529,BDL,"Hartford, CT",11,12889,LAS,"Las Vegas, NV",85,1411,1,0,1638,-17,0,0,1,10
2016,1,1,5,1/1/2016,WN,10529,BDL,"Hartford, CT",11,13204,MCO,"Orlando, FL",33,1553,-7,0,1858,-7,0,0,1,5
2016,1,1,5,1/1/2016,WN,10529,BDL,"Hartford, CT",11,13204,MCO,"Orlando, FL",33,557,-3,0,846,-19,0,0,1,5
2016,1,1,5,1/1/2016,WN,10529,BDL,"Hartford, CT",11,13204,MCO,"Orlando, FL",33,1301,-4,0,1559,-6,0,0,1,5
2016,1,1,5,1/1/2016,WN,10529,BDL,"Hartford, CT",11,13232,MDW,"Chicago, IL",41,1245,0,0,1415,-5,0,0,1,4
2016,1,1,5,1/1/2016,WN,10529,BDL,"Hartford, CT",11,13232,MDW,"Chicago, IL",41,1709,4,0,1839,-6,0,0,1,4
2016,1,1,5,1/1/2016,WN,10529,BDL,"Hartford, CT",11,14635,RSW,"Fort Myers, FL",33,653,-2,0,1015,-5,0,0,1,5
2016,1,1,5,1/1/2016,WN,10529,BDL,"Hartford, CT",11,15304,TPA,"Tampa, FL",33,833,-2,0,1138,-12,0,0,1,5
2016,1,1,5,1/1/2016,WN,10529,BDL,"Hartford, CT",11,15304,TPA,"Tampa, FL",33,1453,-2,0,1758,-12,0,0,1,5
2016,1,1,5,1/1/2016,WN,10599,BHM,"Birmingham, AL",51,10821,BWI,"Baltimore, MD",35,1756,-4,0,2035,-20,0,0,1,3
2016,1,1,5,1/1/2016,WN,10599,BHM,"Birmingham, AL",51,11259,DAL,"Dallas, TX",74,1425,5,0,1617,7,0,0,1,3
2016,1,1,5,1/1/2016,WN,10599,BHM,"Birmingham, AL",51,11259,DAL,"Dallas, TX",74,739,-1,0,940,0,0,0,1,3
2016,1,1,5,1/1/2016,WN,10599,BHM,"Birmingham, AL",51,11259,DAL,"Dallas, TX",74,1035,0,0,1238,8,0,0,1,3
2016,1,1,5,1/1/2016,WN,10599,BHM,"Birmingham, AL",51,12191,HOU,"Houston, TX",74,1912,7,0,2103,3,0,0,1,3
2016,1,1,5,1/1/2016,WN,10599,BHM,"Birmingham, AL",51,12889,LAS,"Las Vegas, NV",85,1231,-4,0,1450,0,0,0,1,7
2016,1,1,5,1/1/2016,WN,10599,BHM,"Birmingham, AL",51,13204,MCO,"Orlando, FL",33,1211,-4,0,1433,-12,0,0,1,2
2016,1,1,5,1/1/2016,WN,10599,BHM,"Birmingham, AL",51,13232,MDW,"Chicago, IL",41,1904,14,0,2048,8,0,0,1,3
2016,1,1,5,1/1/2016,WN,10599,BHM,"Birmingham, AL",51,15304,TPA,"Tampa, FL",33,1631,-4,0,1850,-10,0,0,1,2
2016,1,1,5,1/1/2016,WN,10599,BHM,"Birmingham, AL",51,15304,TPA,"Tampa, FL",33,826,-4,0,1053,3,0,0,1,2
2016,1,1,5,1/1/2016,WN,10693,BNA,"Nashville, TN",54,10423,AUS,"Austin, TX",74,842,-3,0,1104,-6,0,0,1,4
2016,1,1,5,1/1/2016,WN,10693,BNA,"Nashville, TN",54,10423,AUS,"Austin, TX",74,2107,7,0,2338,18,1,0,1,4
2016,1,1,5,1/1/2016,WN,10693,BNA,"Nashville, TN",54,10721,BOS,"Boston, MA",13,1658,-7,0,1957,-33,0,0,1,4
2016,1,1,5,1/1/2016,WN,10693,BNA,"Nashville, TN",54,10821,BWI,"Baltimore, MD",35,1944,-6,0,2217,-13,0,0,1,3
2016,1,1,5,1/1/2016,WN,10693,BNA,"Nashville, TN",54,10821,BWI,"Baltimore, MD",35,1338,3,0,1601,-9,0,0,1,3
2016,1,1,5,1/1/2016,WN,10693,BNA,"Nashville, TN",54,10821,BWI,"Baltimore, MD",35,1815,-5,0,2041,-19,0,0,1,3
2016,1,1,5,1/1/2016,WN,10693,BNA,"Nashville, TN",54,10821,BWI,"Baltimore, MD",35,926,-4,0,1152,-13,0,0,1,3
2016,1,1,5,1/1/2016,WN,10693,BNA,"Nashville, TN",54,10821,BWI,"Baltimore, MD",35,1650,5,0,1929,4,0,0,1,3
2016,1,1,5,1/1/2016,WN,10693,BNA,"Nashville, TN",54,10994,CHS,"Charleston, SC",37,1122,-3,0,1342,-3,0,0,1,2
2016,1,1,5,1/1/2016,WN,10693,BNA,"Nashville, TN",54,11042,CLE,"Cleveland, OH",44,2224,-6,0,42,-13,0,0,1,2
2016,1,1,5,1/1/2016,WN,10693,BNA,"Nashville, TN",54,11066,CMH,"Columbus, OH",44,2212,7,0,9,-6,0,0,1,2
2016,1,1,5,1/1/2016,WN,10693,BNA,"Nashville, TN",54,11066,CMH,"Columbus, OH",44,911,1,0,1115,-5,0,0,1,2
2016,1,1,5,1/1/2016,WN,10693,BNA,"Nashville, TN",54,11259,DAL,"Dallas, TX",74,1658,18,1,1933,53,1,0,1,3
2016,1,1,5,1/1/2016,WN,10693,BNA,"Nashville, TN",54,11259,DAL,"Dallas, TX",74,2127,27,1,2327,27,1,0,1,3
2016,1,1,5,1/1/2016,WN,10693,BNA,"Nashville, TN",54,11278,DCA,"Washington, DC",38,1309,4,0,1534,-6,0,0,1,3
2016,1,1,5,1/1/2016,WN,10693,BNA,"Nashville, TN",54,11292,DEN,"Denver, CO",82,1424,4,0,1617,2,0,0,1,5
2016,1,1,5,1/1/2016,WN,10693,BNA,"Nashville, TN",54,11292,DEN,"Denver, CO",82,2116,116,1,2303,103,1,0,1,5
2016,1,1,5,1/1/2016,WN,10693,BNA,"Nashville, TN",54,11433,DTW,"Detroit, MI",43,906,-4,0,1142,-3,0,0,1,2
2016,1,1,5,1/1/2016,WN,10693,BNA,"Nashville, TN",54,11433,DTW,"Detroit, MI",43,2224,19,1,48,13,0,0,1,2
2016,1,1,5,1/1/2016,WN,10693,BNA,"Nashville, TN",54,11481,ECP,"Panama City, FL",33,1822,-3,0,1935,-5,0,0,1,2
2016,1,1,5,1/1/2016,WN,10693,BNA,"Nashville, TN",54,11618,EWR,"Newark, NJ",21,1853,-2,0,2143,-12,0,0,1,3
2016,1,1,5,1/1/2016,WN,10693,BNA,"Nashville, TN",54,11697,FLL,"Fort Lauderdale, FL",33,2058,-2,0,2352,-18,0,0,1,4
2016,1,1,5,1/1/2016,WN,10693,BNA,"Nashville, TN",54,12191,HOU,"Houston, TX",74,1518,8,0,1731,11,0,0,1,3
2016,1,1,5,1/1/2016,WN,10693,BNA,"Nashville, TN",54,12191,HOU,"Houston, TX",74,1904,-1,0,2116,-4,0,0,1,3
2016,1,1,5,1/1/2016,WN,10693,BNA,"Nashville, TN",54,12191,HOU,"Houston, TX",74,1311,1,0,1518,-2,0,0,1,3
2016,1,1,5,1/1/2016,WN,10693,BNA,"Nashville, TN",54,12451,JAX,"Jacksonville, FL",33,1810,-5,0,2033,-7,0,0,1,2
2016,1,1,5,1/1/2016,WN,10693,BNA,"Nashville, TN",54,12451,JAX,"Jacksonville, FL",33,1146,41,1,1408,38,1,0,1,2
2016,1,1,5,1/1/2016,WN,10693,BNA,"Nashville, TN",54,12889,LAS,"Las Vegas, NV",85,1139,-1,0,1345,-10,0,0,1,7
2016,1,1,5,1/1/2016,WN,10693,BNA,"Nashville, TN",54,12889,LAS,"Las Vegas, NV",85,750,-5,0,1002,-8,0,0,1,7
2016,1,1,5,1/1/2016,WN,10693,BNA,"Nashville, TN",54,12889,LAS,"Las Vegas, NV",85,1522,2,0,1730,-5,0,0,1,7
2016,1,1,5,1/1/2016,WN,10693,BNA,"Nashville, TN",54,12892,LAX,"Los Angeles, CA",91,819,-1,0,1049,-16,0,0,1,8
2016,1,1,5,1/1/2016,WN,10693,BNA,"Nashville, TN",54,12892,LAX,"Los Angeles, CA",91,1431,1,0,1706,-4,0,0,1,8
2016,1,1,5,1/1/2016,WN,10693,BNA,"Nashville, TN",54,12953,LGA,"New York, NY",22,1040,-5,0,1340,-10,0,0,1,4
2016,1,1,5,1/1/2016,WN,10693,BNA,"Nashville, TN",54,12953,LGA,"New York, NY",22,1513,8,0,1808,-7,0,0,1,4
2016,1,1,5,1/1/2016,WN,10693,BNA,"Nashville, TN",54,13198,MCI,"Kansas City, MO",64,1400,0,0,1535,-5,0,0,1,2
2016,1,1,5,1/1/2016,WN,10693,BNA,"Nashville, TN",54,13198,MCI,"Kansas City, MO",64,2005,-5,0,2140,-10,0,0,1,2
2016,1,1,5,1/1/2016,WN,10693,BNA,"Nashville, TN",54,13204,MCO,"Orlando, FL",33,1156,-4,0,1434,-11,0,0,1,3
2016,1,1,5,1/1/2016,WN,10693,BNA,"Nashville, TN",54,13204,MCO,"Orlando, FL",33,1746,-4,0,2023,-12,0,0,1,3
2016,1,1,5,1/1/2016,WN,10693,BNA,"Nashville, TN",54,13204,MCO,"Orlando, FL",33,2158,-7,0,30,-20,0,0,1,3
2016,1,1,5,1/1/2016,WN,10800,BUR,"Burbank, CA",91,12889,LAS,"Las Vegas, NV",85,1633,-2,0,1731,-4,0,0,1,1
2016,1,1,5,1/1/2016,WN,10800,BUR,"Burbank, CA",91,12889,LAS,"Las Vegas, NV",85,1007,-8,0,1103,-12,0,0,1,1
2016,1,1,5,1/1/2016,WN,10800,BUR,"Burbank, CA",91,12889,LAS,"Las Vegas, NV",85,1101,-4,0,1149,-16,0,0,1,1
2016,1,1,5,1/1/2016,WN,10800,BUR,"Burbank, CA",91,13796,OAK,"Oakland, CA",91,1639,9,0,1744,4,0,0,1,2
2016,1,1,5,1/1/2016,WN,10800,BUR,"Burbank, CA",91,13796,OAK,"Oakland, CA",91,2105,-5,0,2210,-10,0,0,1,2
2016,1,1,5,1/1/2016,WN,10800,BUR,"Burbank, CA",91,13796,OAK,"Oakland, CA",91,1717,-3,0,1823,-12,0,0,1,2
2016,1,1,5,1/1/2016,WN,10800,BUR,"Burbank, CA",91,13796,OAK,"Oakland, CA",91,1324,-1,0,1434,-1,0,0,1,2
2016,1,1,5,1/1/2016,WN,10800,BUR,"Burbank, CA",91,13796,OAK,"Oakland, CA",91,922,-8,0,1031,-14,0,0,1,2
2016,1,1,5,1/1/2016,WN,10800,BUR,"Burbank, CA",91,13796,OAK,"Oakland, CA",91,2006,-4,0,2111,-9,0,0,1,2
2016,1,1,5,1/1/2016,WN,10800,BUR,"Burbank, CA",91,13796,OAK,"Oakland, CA",91,1850,0,0,2019,14,0,0,1,2
2016,1,1,5,1/1/2016,WN,10800,BUR,"Burbank, CA",91,13796,OAK,"Oakland, CA",91,1035,-5,0,1141,-9,0,0,1,2
2016,1,1,5,1/1/2016,WN,10800,BUR,"Burbank, CA",91,13796,OAK,"Oakland, CA",91,1212,-3,0,1315,-10,0,0,1,2
2016,1,1,5,1/1/2016,WN,10800,BUR,"Burbank, CA",91,13796,OAK,"Oakland, CA",91,1430,0,0,1536,-4,0,0,1,2
2016,1,1,5,1/1/2016,WN,10800,BUR,"Burbank, CA",91,14107,PHX,"Phoenix, AZ",81,1056,-9,0,1315,-5,0,0,1,2
2016,1,1,5,1/1/2016,WN,10800,BUR,"Burbank, CA",91,14107,PHX,"Phoenix, AZ",81,1457,72,1,1715,70,1,0,1,2
2016,1,1,5,1/1/2016,WN,10800,BUR,"Burbank, CA",91,14107,PHX,"Phoenix, AZ",81,2008,123,1,2218,113,1,0,1,2
2016,1,1,5,1/1/2016,WN,10800,BUR,"Burbank, CA",91,14831,SJC,"San Jose, CA",91,1748,-2,0,1845,-10,0,0,1,2
2016,1,1,5,1/1/2016,WN,10800,BUR,"Burbank, CA",91,14831,SJC,"San Jose, CA",91,1849,-1,0,1952,-3,0,0,1,2
2016,1,1,5,1/1/2016,WN,10800,BUR,"Burbank, CA",91,14831,SJC,"San Jose, CA",91,1359,-6,0,1459,-11,0,0,1,2
2016,1,1,5,1/1/2016,WN,10800,BUR,"Burbank, CA",91,14831,SJC,"San Jose, CA",91,1115,0,0,1218,-2,0,0,1,2
2016,1,1,5,1/1/2016,WN,10800,BUR,"Burbank, CA",91,14893,SMF,"Sacramento, CA",91,1914,-1,0,2022,-8,0,0,1,2
2016,1,1,5,1/1/2016,WN,10800,BUR,"Burbank, CA",91,14893,SMF,"Sacramento, CA",91,1620,5,0,1733,3,0,0,1,2
2016,1,1,5,1/1/2016,WN,10800,BUR,"Burbank, CA",91,14893,SMF,"Sacramento, CA",91,1257,-3,0,1414,-1,0,0,1,2
2016,1,1,5,1/1/2016,WN,10821,BWI,"Baltimore, MD",35,10140,ABQ,"Albuquerque, NM",86,840,0,0,1116,-4,0,0,1,7
2016,1,1,5,1/1/2016,WN,10821,BWI,"Baltimore, MD",35,10257,ALB,"Albany, NY",22,2343,98,1,42,87,1,0,1,2
2016,1,1,5,1/1/2016,WN,10821,BWI,"Baltimore, MD",35,10257,ALB,"Albany, NY",22,1552,17,1,1656,11,0,0,1,2
2016,1,1,5,1/1/2016,WN,10821,BWI,"Baltimore, MD",35,10257,ALB,"Albany, NY",22,1945,45,1,2045,35,1,0,1,2
2016,1,1,5,1/1/2016,WN,10821,BWI,"Baltimore, MD",35,10397,ATL,"Atlanta, GA",34,1933,23,1,2128,13,0,0,1,3
2016,1,1,5,1/1/2016,WN,10821,BWI,"Baltimore, MD",35,10397,ATL,"Atlanta, GA",34,2024,4,0,2231,11,0,0,1,3
2016,1,1,5,1/1/2016,WN,10821,BWI,"Baltimore, MD",35,10397,ATL,"Atlanta, GA",34,1231,21,1,1424,14,0,0,1,3
2016,1,1,5,1/1/2016,WN,10821,BWI,"Baltimore, MD",35,10397,ATL,"Atlanta, GA",34,1451,6,0,1647,2,0,0,1,3
2016,1,21,4,1/21/2016,HA,12889,LAS,"Las Vegas, NV",85,12173,HNL,"Honolulu, HI",2,139,-1,0,629,29,1,0,1,11
2016,1,22,5,1/22/2016,HA,12889,LAS,"Las Vegas, NV",85,12173,HNL,"Honolulu, HI",2,133,-7,0,601,1,0,0,1,11
2016,1,23,6,1/23/2016,HA,12889,LAS,"Las Vegas, NV",85,12173,HNL,"Honolulu, HI",2,131,-9,0,556,-4,0,0,1,11
2016,1,24,7,1/24/2016,HA,12889,LAS,"Las Vegas, NV",85,12173,HNL,"Honolulu, HI",2,137,-3,0,603,3,0,0,1,11
2016,1,25,1,1/25/2016,HA,12889,LAS,"Las Vegas, NV",85,12173,HNL,"Honolulu, HI",2,132,-8,0,552,-8,0,0,1,11
2016,1,26,2,1/26/2016,HA,12889,LAS,"Las Vegas, NV",85,12173,HNL,"Honolulu, HI",2,133,-7,0,541,-19,0,0,1,11
2016,1,27,3,1/27/2016,HA,12889,LAS,"Las Vegas, NV",85,12173,HNL,"Honolulu, HI",2,144,4,0,615,15,1,0,1,11
2016,1,28,4,1/28/2016,HA,12889,LAS,"Las Vegas, NV",85,12173,HNL,"Honolulu, HI",2,137,-3,0,542,-18,0,0,1,11
2016,1,29,5,1/29/2016,HA,12889,LAS,"Las Vegas, NV",85,12173,HNL,"Honolulu, HI",2,134,-6,0,611,11,0,0,1,11
2016,1,30,6,1/30/2016,HA,12889,LAS,"Las Vegas, NV",85,12173,HNL,"Honolulu, HI",2,137,-3,0,614,14,0,0,1,11
2016,1,31,7,1/31/2016,HA,12889,LAS,"Las Vegas, NV",85,12173,HNL,"Honolulu, HI",2,134,-6,0,635,35,1,0,1,11
2016,1,1,5,1/1/2016,HA,12173,HNL,"Honolulu, HI",2,12889,LAS,"Las Vegas, NV",85,1601,-4,0,2311,-29,0,0,1,11
2016,1,2,6,1/2/2016,HA,12173,HNL,"Honolulu, HI",2,12889,LAS,"Las Vegas, NV",85,1557,-8,0,2317,-23,0,0,1,11
2016,1,3,7,1/3/2016,HA,12173,HNL,"Honolulu, HI",2,12889,LAS,"Las Vegas, NV",85,1611,6,0,2328,-12,0,0,1,11
2016,1,4,1,1/4/2016,HA,12173,HNL,"Honolulu, HI",2,12889,LAS,"Las Vegas, NV",85,1601,-4,0,2300,-40,0,0,1,11
2016,1,5,2,1/5/2016,HA,12173,HNL,"Honolulu, HI",2,12889,LAS,"Las Vegas, NV",85,1554,-11,0,2300,-40,0,0,1,11
2016,1,6,3,1/6/2016,HA,12173,HNL,"Honolulu, HI",2,12889,LAS,"Las Vegas, NV",85,1610,5,0,2314,-26,0,0,1,11
2016,1,7,4,1/7/2016,HA,12173,HNL,"Honolulu, HI",2,12889,LAS,"Las Vegas, NV",85,1556,-9,0,2325,-15,0,0,1,11
2016,1,8,5,1/8/2016,HA,12173,HNL,"Honolulu, HI",2,12889,LAS,"Las Vegas, NV",85,1601,-4,0,2328,-12,0,0,1,11
2016,1,9,6,1/9/2016,HA,12173,HNL,"Honolulu, HI",2,12889,LAS,"Las Vegas, NV",85,1603,-2,0,2330,-10,0,0,1,11
2016,1,10,7,1/10/2016,HA,12173,HNL,"Honolulu, HI",2,12889,LAS,"Las Vegas, NV",85,1554,-11,0,2330,-10,0,0,1,11
2016,1,11,1,1/11/2016,HA,12173,HNL,"Honolulu, HI",2,12889,LAS,"Las Vegas, NV",85,1611,6,0,2322,-18,0,0,1,11
2016,1,12,2,1/12/2016,HA,12173,HNL,"Honolulu, HI",2,12889,LAS,"Las Vegas, NV",85,1605,0,0,2314,-26,0,0,1,11
2016,1,13,3,1/13/2016,HA,12173,HNL,"Honolulu, HI",2,12889,LAS,"Las Vegas, NV",85,1552,-13,0,2317,-23,0,0,1,11
2016,1,14,4,1/14/2016,HA,12173,HNL,"Honolulu, HI",2,12889,LAS,"Las Vegas, NV",85,1558,-7,0,2321,-19,0,0,1,11
2016,1,15,5,1/15/2016,HA,12173,HNL,"Honolulu, HI",2,12889,LAS,"Las Vegas, NV",85,1600,-5,0,2326,-14,0,0,1,11
2016,1,16,6,1/16/2016,HA,12173,HNL,"Honolulu, HI",2,12889,LAS,"Las Vegas, NV",85,1557,-8,0,2315,-25,0,0,1,11
2016,1,17,7,1/17/2016,HA,12173,HNL,"Honolulu, HI",2,12889,LAS,"Las Vegas, NV",85,1557,-8,0,2319,-21,0,0,1,11
2016,1,18,1,1/18/2016,HA,12173,HNL,"Honolulu, HI",2,12889,LAS,"Las Vegas, NV",85,1604,-1,0,2316,-24,0,0,1,11
2016,1,19,2,1/19/2016,HA,12173,HNL,"Honolulu, HI",2,12889,LAS,"Las Vegas, NV",85,1550,-15,0,2301,-39,0,0,1,11
2016,1,20,3,1/20/2016,HA,12173,HNL,"Honolulu, HI",2,12889,LAS,"Las Vegas, NV",85,1623,18,1,2340,0,0,0,1,11
2016,1,21,4,1/21/2016,HA,12173,HNL,"Honolulu, HI",2,12889,LAS,"Las Vegas, NV",85,1554,-11,0,2315,-25,0,0,1,11
2016,1,22,5,1/22/2016,HA,12173,HNL,"Honolulu, HI",2,12889,LAS,"Las Vegas, NV",85,1556,-9,0,2331,-9,0,0,1,11
2016,1,23,6,1/23/2016,HA,12173,HNL,"Honolulu, HI",2,12889,LAS,"Las Vegas, NV",85,1556,-9,0,2328,-12,0,0,1,11
2016,1,24,7,1/24/2016,HA,12173,HNL,"Honolulu, HI",2,12889,LAS,"Las Vegas, NV",85,1556,-9,0,2323,-17,0,0,1,11
2016,1,25,1,1/25/2016,HA,12173,HNL,"Honolulu, HI",2,12889,LAS,"Las Vegas, NV",85,1555,-10,0,2348,8,0,0,1,11
2016,1,26,2,1/26/2016,HA,12173,HNL,"Honolulu, HI",2,12889,LAS,"Las Vegas, NV",85,1557,-8,0,2338,-2,0,0,1,11
2016,1,27,3,1/27/2016,HA,12173,HNL,"Honolulu, HI",2,12889,LAS,"Las Vegas, NV",85,1601,-4,0,2344,4,0,0,1,11
2016,1,28,4,1/28/2016,HA,12173,HNL,"Honolulu, HI",2,12889,LAS,"Las Vegas, NV",85,1558,-7,0,2336,-4,0,0,1,11
2016,1,29,5,1/29/2016,HA,12173,HNL,"Honolulu, HI",2,12889,LAS,"Las Vegas, NV",85,1600,-5,0,2318,-22,0,0,1,11
2016,1,30,6,1/30/2016,HA,12173,HNL,"Honolulu, HI",2,12889,LAS,"Las Vegas, NV",85,1610,5,0,2319,-21,0,0,1,11
2016,1,31,7,1/31/2016,HA,12173,HNL,"Honolulu, HI",2,12889,LAS,"Las Vegas, NV",85,1556,-9,0,2309,-31,0,0,1,11
2016,1,1,5,1/1/2016,HA,14893,SMF,"Sacramento, CA",91,12173,HNL,"Honolulu, HI",2,729,-6,0,1133,3,0,0,1,10
2016,1,2,6,1/2/2016,HA,14893,SMF,"Sacramento, CA",91,12173,HNL,"Honolulu, HI",2,757,22,1,1142,12,0,0,1,10
2016,1,3,7,1/3/2016,HA,14893,SMF,"Sacramento, CA",91,12173,HNL,"Honolulu, HI",2,726,-9,0,1131,1,0,0,1,10
2016,1,4,1,1/4/2016,HA,14893,SMF,"Sacramento, CA",91,12173,HNL,"Honolulu, HI",2,751,16,1,1210,40,1,0,1,10
2016,1,5,2,1/5/2016,HA,14893,SMF,"Sacramento, CA",91,12173,HNL,"Honolulu, HI",2,741,6,0,1209,39,1,0,1,10
2016,1,6,3,1/6/2016,HA,14893,SMF,"Sacramento, CA",91,12173,HNL,"Honolulu, HI",2,747,12,0,1152,22,1,0,1,10
2016,1,7,4,1/7/2016,HA,14893,SMF,"Sacramento, CA",91,12173,HNL,"Honolulu, HI",2,732,-3,0,1132,2,0,0,1,10
2016,1,8,5,1/8/2016,HA,14893,SMF,"Sacramento, CA",91,12173,HNL,"Honolulu, HI",2,730,-5,0,1127,-3,0,0,1,10
2016,1,9,6,1/9/2016,HA,14893,SMF,"Sacramento, CA",91,12173,HNL,"Honolulu, HI",2,1212,277,1,1641,311,1,0,1,10
2016,1,10,7,1/10/2016,HA,14893,SMF,"Sacramento, CA",91,12173,HNL,"Honolulu, HI",2,743,8,0,1157,27,1,0,1,10
2016,1,11,1,1/11/2016,HA,14893,SMF,"Sacramento, CA",91,12173,HNL,"Honolulu, HI",2,1215,280,1,1624,294,1,0,1,10
2016,1,12,2,1/12/2016,HA,14893,SMF,"Sacramento, CA",91,12173,HNL,"Honolulu, HI",2,734,-1,0,1212,42,1,0,1,10
2016,1,13,3,1/13/2016,HA,14893,SMF,"Sacramento, CA",91,12173,HNL,"Honolulu, HI",2,729,-6,0,1141,11,0,0,1,10
2016,1,14,4,1/14/2016,HA,14893,SMF,"Sacramento, CA",91,12173,HNL,"Honolulu, HI",2,732,-3,0,1138,8,0,0,1,10
2016,1,15,5,1/15/2016,HA,14893,SMF,"Sacramento, CA",91,12173,HNL,"Honolulu, HI",2,730,-5,0,1140,10,0,0,1,10
2016,1,16,6,1/16/2016,HA,14893,SMF,"Sacramento, CA",91,12173,HNL,"Honolulu, HI",2,733,-2,0,1150,20,1,0,1,10
2016,1,17,7,1/17/2016,HA,14893,SMF,"Sacramento, CA",91,12173,HNL,"Honolulu, HI",2,724,-11,0,1152,22,1,0,1,10
2016,1,18,1,1/18/2016,HA,14893,SMF,"Sacramento, CA",91,12173,HNL,"Honolulu, HI",2,730,-5,0,1136,6,0,0,1,10
2016,1,19,2,1/19/2016,HA,14893,SMF,"Sacramento, CA",91,12173,HNL,"Honolulu, HI",2,729,-6,0,1204,34,1,0,1,10
2016,1,20,3,1/20/2016,HA,14893,SMF,"Sacramento, CA",91,12173,HNL,"Honolulu, HI",2,729,-6,0,1202,32,1,0,1,10
2016,1,21,4,1/21/2016,HA,14893,SMF,"Sacramento, CA",91,12173,HNL,"Honolulu, HI",2,731,-4,0,1134,4,0,0,1,10
2016,1,22,5,1/22/2016,HA,14893,SMF,"Sacramento, CA",91,12173,HNL,"Honolulu, HI",2,729,-6,0,1127,-3,0,0,1,10
2016,1,23,6,1/23/2016,HA,14893,SMF,"Sacramento, CA",91,12173,HNL,"Honolulu, HI",2,809,34,1,1201,31,1,0,1,10
2016,1,24,7,1/24/2016,HA,14893,SMF,"Sacramento, CA",91,12173,HNL,"Honolulu, HI",2,727,-8,0,1126,-4,0,0,1,10
2016,1,25,1,1/25/2016,HA,14893,SMF,"Sacramento, CA",91,12173,HNL,"Honolulu, HI",2,726,-9,0,1122,-8,0,0,1,10
2016,1,26,2,1/26/2016,HA,14893,SMF,"Sacramento, CA",91,12173,HNL,"Honolulu, HI",2,728,-7,0,1124,-6,0,0,1,10
2016,1,27,3,1/27/2016,HA,14893,SMF,"Sacramento, CA",91,12173,HNL,"Honolulu, HI",2,729,-6,0,1128,-2,0,0,1,10
2016,1,28,4,1/28/2016,HA,14893,SMF,"Sacramento, CA",91,12173,HNL,"Honolulu, HI",2,755,20,1,1154,24,1,0,1,10
2016,1,29,5,1/29/2016,HA,14893,SMF,"Sacramento, CA",91,12173,HNL,"Honolulu, HI",2,724,-11,0,1139,9,0,0,1,10
2016,1,30,6,1/30/2016,HA,14893,SMF,"Sacramento, CA",91,12173,HNL,"Honolulu, HI",2,733,-2,0,1200,30,1,0,1,10
2016,1,31,7,1/31/2016,HA,14893,SMF,"Sacramento, CA",91,12173,HNL,"Honolulu, HI",2,727,-8,0,1149,19,1,0,1,10
2016,1,1,5,1/1/2016,HA,12173,HNL,"Honolulu, HI",2,14893,SMF,"Sacramento, CA",91,1443,3,0,2123,-32,0,0,1,10
2016,1,2,6,1/2/2016,HA,12173,HNL,"Honolulu, HI",2,14893,SMF,"Sacramento, CA",91,1446,6,0,2152,-3,0,0,1,10
2016,1,3,7,1/3/2016,HA,12173,HNL,"Honolulu, HI",2,14893,SMF,"Sacramento, CA",91,1440,0,0,2121,-34,0,0,1,10
2016,1,4,1,1/4/2016,HA,12173,HNL,"Honolulu, HI",2,14893,SMF,"Sacramento, CA",91,1433,-7,0,2122,-33,0,0,1,10
2016,1,5,2,1/5/2016,HA,12173,HNL,"Honolulu, HI",2,14893,SMF,"Sacramento, CA",91,1449,9,0,2124,-31,0,0,1,10
2016,1,6,3,1/6/2016,HA,12173,HNL,"Honolulu, HI",2,14893,SMF,"Sacramento, CA",91,1441,1,0,2127,-28,0,0,1,10
2016,1,7,4,1/7/2016,HA,12173,HNL,"Honolulu, HI",2,14893,SMF,"Sacramento, CA",91,1437,-3,0,2156,1,0,0,1,10
2016,1,8,5,1/8/2016,HA,12173,HNL,"Honolulu, HI",2,14893,SMF,"Sacramento, CA",91,1441,1,0,2144,-11,0,0,1,10
2016,1,9,6,1/9/2016,HA,12173,HNL,"Honolulu, HI",2,14893,SMF,"Sacramento, CA",91,1452,12,0,2148,-7,0,0,1,10
2016,1,10,7,1/10/2016,HA,12173,HNL,"Honolulu, HI",2,14893,SMF,"Sacramento, CA",91,1539,59,1,2239,44,1,0,1,10
2016,1,11,1,1/11/2016,HA,12173,HNL,"Honolulu, HI",2,14893,SMF,"Sacramento, CA",91,1445,5,0,2128,-27,0,0,1,10
2016,1,12,2,1/12/2016,HA,12173,HNL,"Honolulu, HI",2,14893,SMF,"Sacramento, CA",91,1439,-1,0,2127,-28,0,0,1,10
2016,1,13,3,1/13/2016,HA,12173,HNL,"Honolulu, HI",2,14893,SMF,"Sacramento, CA",91,1431,-9,0,2131,-24,0,0,1,10
2016,1,14,4,1/14/2016,HA,12173,HNL,"Honolulu, HI",2,14893,SMF,"Sacramento, CA",91,1440,0,0,2153,-2,0,0,1,10
2016,1,15,5,1/15/2016,HA,12173,HNL,"Honolulu, HI",2,14893,SMF,"Sacramento, CA",91,1437,-3,0,2127,-28,0,0,1,10
2016,1,16,6,1/16/2016,HA,12173,HNL,"Honolulu, HI",2,14893,SMF,"Sacramento, CA",91,1441,1,0,2143,-12,0,0,1,10
2016,1,17,7,1/17/2016,HA,12173,HNL,"Honolulu, HI",2,14893,SMF,"Sacramento, CA",91,1437,-3,0,2129,-26,0,0,1,10
2016,1,18,1,1/18/2016,HA,12173,HNL,"Honolulu, HI",2,14893,SMF,"Sacramento, CA",91,1456,16,1,2143,-12,0,0,1,10
2016,1,3,7,1/3/2016,HA,14057,PDX,"Portland, OR",92,12173,HNL,"Honolulu, HI",2,1133,68,1,1600,80,1,0,1,11
2016,1,4,1,1/4/2016,HA,14057,PDX,"Portland, OR",92,12173,HNL,"Honolulu, HI",2,1024,-1,0,1453,13,0,0,1,11
2016,1,5,2,1/5/2016,HA,14057,PDX,"Portland, OR",92,12173,HNL,"Honolulu, HI",2,1021,-4,0,1445,5,0,0,1,11
2016,1,6,3,1/6/2016,HA,14057,PDX,"Portland, OR",92,12173,HNL,"Honolulu, HI",2,1025,0,0,1424,-16,0,0,1,11
2016,1,7,4,1/7/2016,HA,14057,PDX,"Portland, OR",92,12173,HNL,"Honolulu, HI",2,1022,-3,0,1428,-12,0,0,1,11
2016,1,8,5,1/8/2016,HA,14057,PDX,"Portland, OR",92,12173,HNL,"Honolulu, HI",2,1020,-5,0,1420,-20,0,0,1,11
2016,1,9,6,1/9/2016,HA,14057,PDX,"Portland, OR",92,12173,HNL,"Honolulu, HI",2,1020,-5,0,1519,39,1,0,1,11
2016,1,10,7,1/10/2016,HA,14057,PDX,"Portland, OR",92,12173,HNL,"Honolulu, HI",2,1028,3,0,1434,-6,0,0,1,11
2016,1,11,1,1/11/2016,HA,14057,PDX,"Portland, OR",92,12173,HNL,"Honolulu, HI",2,1023,-2,0,1441,1,0,0,1,11
2016,1,12,2,1/12/2016,HA,14057,PDX,"Portland, OR",92,12173,HNL,"Honolulu, HI",2,1025,0,0,1501,21,1,0,1,11
2016,1,13,3,1/13/2016,HA,14057,PDX,"Portland, OR",92,12173,HNL,"Honolulu, HI",2,1023,-2,0,1434,-6,0,0,1,11
2016,1,14,4,1/14/2016,HA,14057,PDX,"Portland, OR",92,12173,HNL,"Honolulu, HI",2,1023,-2,0,1455,15,1,0,1,11
2016,1,15,5,1/15/2016,HA,14057,PDX,"Portland, OR",92,12173,HNL,"Honolulu, HI",2,1022,-3,0,1453,13,0,0,1,11
2016,1,16,6,1/16/2016,HA,14057,PDX,"Portland, OR",92,12173,HNL,"Honolulu, HI",2,1023,-2,0,1456,16,1,0,1,11
2016,1,17,7,1/17/2016,HA,14057,PDX,"Portland, OR",92,12173,HNL,"Honolulu, HI",2,1022,-3,0,1441,1,0,0,1,11
2016,1,18,1,1/18/2016,HA,14057,PDX,"Portland, OR",92,12173,HNL,"Honolulu, HI",2,1034,9,0,1508,28,1,0,1,11
2016,1,19,2,1/19/2016,HA,14057,PDX,"Portland, OR",92,12173,HNL,"Honolulu, HI",2,1021,-4,0,1500,20,1,0,1,11
2016,1,20,3,1/20/2016,HA,14057,PDX,"Portland, OR",92,12173,HNL,"Honolulu, HI",2,1020,-5,0,1448,8,0,0,1,11
2016,1,21,4,1/21/2016,HA,14057,PDX,"Portland, OR",92,12173,HNL,"Honolulu, HI",2,1019,-6,0,1406,-34,0,0,1,11
2016,1,22,5,1/22/2016,HA,14057,PDX,"Portland, OR",92,12173,HNL,"Honolulu, HI",2,1014,-11,0,1419,-21,0,0,1,11
2016,1,23,6,1/23/2016,HA,14057,PDX,"Portland, OR",92,12173,HNL,"Honolulu, HI",2,1020,-5,0,1416,-24,0,0,1,11
2016,1,24,7,1/24/2016,HA,14057,PDX,"Portland, OR",92,12173,HNL,"Honolulu, HI",2,1014,-11,0,1415,-25,0,0,1,11
2016,1,25,1,1/25/2016,HA,14057,PDX,"Portland, OR",92,12173,HNL,"Honolulu, HI",2,1032,7,0,1439,-1,0,0,1,11
2016,1,26,2,1/26/2016,HA,14057,PDX,"Portland, OR",92,12173,HNL,"Honolulu, HI",2,1024,-1,0,1429,-11,0,0,1,11
2016,1,27,3,1/27/2016,HA,14057,PDX,"Portland, OR",92,12173,HNL,"Honolulu, HI",2,1018,-7,0,1437,-3,0,0,1,11
2016,1,28,4,1/28/2016,HA,14057,PDX,"Portland, OR",92,12173,HNL,"Honolulu, HI",2,1029,4,0,1503,23,1,0,1,11
2016,1,29,5,1/29/2016,HA,14057,PDX,"Portland, OR",92,12173,HNL,"Honolulu, HI",2,1022,-3,0,1502,22,1,0,1,11
2016,1,30,6,1/30/2016,HA,14057,PDX,"Portland, OR",92,12173,HNL,"Honolulu, HI",2,1021,-4,0,1502,22,1,0,1,11
2016,1,31,7,1/31/2016,HA,14057,PDX,"Portland, OR",92,12173,HNL,"Honolulu, HI",2,1022,-3,0,1437,-3,0,0,1,11
2016,1,1,5,1/1/2016,HA,12173,HNL,"Honolulu, HI",2,14057,PDX,"Portland, OR",92,1526,-4,0,2234,-21,0,0,1,11
2016,1,2,6,1/2/2016,HA,12173,HNL,"Honolulu, HI",2,14057,PDX,"Portland, OR",92,1528,-2,0,2300,5,0,0,1,11
2016,1,3,7,1/3/2016,HA,12173,HNL,"Honolulu, HI",2,14057,PDX,"Portland, OR",92,1525,-5,0,2232,-23,0,0,1,11
2016,1,4,1,1/4/2016,HA,12173,HNL,"Honolulu, HI",2,14057,PDX,"Portland, OR",92,1522,-8,0,2221,-34,0,0,1,11
2016,1,5,2,1/5/2016,HA,12173,HNL,"Honolulu, HI",2,14057,PDX,"Portland, OR",92,1527,-3,0,2224,-31,0,0,1,11
2016,1,6,3,1/6/2016,HA,12173,HNL,"Honolulu, HI",2,14057,PDX,"Portland, OR",92,1538,8,0,2252,-3,0,0,1,11
2016,1,7,4,1/7/2016,HA,12173,HNL,"Honolulu, HI",2,14057,PDX,"Portland, OR",92,1522,-8,0,2248,-7,0,0,1,11
2016,1,8,5,1/8/2016,HA,12173,HNL,"Honolulu, HI",2,14057,PDX,"Portland, OR",92,1525,-5,0,2227,-28,0,0,1,11
2016,1,9,6,1/9/2016,HA,12173,HNL,"Honolulu, HI",2,14057,PDX,"Portland, OR",92,1520,-10,0,2248,-7,0,0,1,11
2016,1,10,7,1/10/2016,HA,12173,HNL,"Honolulu, HI",2,14057,PDX,"Portland, OR",92,1523,-7,0,2235,-20,0,0,1,11
2016,1,11,1,1/11/2016,HA,12173,HNL,"Honolulu, HI",2,14057,PDX,"Portland, OR",92,1529,-1,0,2241,-14,0,0,1,11
2016,1,12,2,1/12/2016,HA,12173,HNL,"Honolulu, HI",2,14057,PDX,"Portland, OR",92,1523,-7,0,2225,-30,0,0,1,11
2016,1,13,3,1/13/2016,HA,12173,HNL,"Honolulu, HI",2,14057,PDX,"Portland, OR",92,1523,-7,0,2236,-19,0,0,1,11
2016,1,14,4,1/14/2016,HA,12173,HNL,"Honolulu, HI",2,14057,PDX,"Portland, OR",92,1542,12,0,2251,-4,0,0,1,11
2016,1,15,5,1/15/2016,HA,12173,HNL,"Honolulu, HI",2,14057,PDX,"Portland, OR",92,1531,1,0,2235,-20,0,0,1,11
2016,1,16,6,1/16/2016,HA,12173,HNL,"Honolulu, HI",2,14057,PDX,"Portland, OR",92,1531,1,0,2236,-19,0,0,1,11
2016,1,17,7,1/17/2016,HA,12173,HNL,"Honolulu, HI",2,14057,PDX,"Portland, OR",92,1530,0,0,2237,-18,0,0,1,11
2016,1,18,1,1/18/2016,HA,12173,HNL,"Honolulu, HI",2,14057,PDX,"Portland, OR",92,1527,-3,0,2217,-38,0,0,1,11
2016,1,19,2,1/19/2016,HA,12173,HNL,"Honolulu, HI",2,14057,PDX,"Portland, OR",92,1523,-7,0,2219,-36,0,0,1,11
2016,1,20,3,1/20/2016,HA,12173,HNL,"Honolulu, HI",2,14057,PDX,"Portland, OR",92,1526,-4,0,2236,-19,0,0,1,11
2016,1,21,4,1/21/2016,HA,12173,HNL,"Honolulu, HI",2,14057,PDX,"Portland, OR",92,1521,-9,0,2235,-20,0,0,1,11
2016,1,22,5,1/22/2016,HA,12173,HNL,"Honolulu, HI",2,14057,PDX,"Portland, OR",92,1521,-9,0,2242,-13,0,0,1,11
2016,1,23,6,1/23/2016,HA,12173,HNL,"Honolulu, HI",2,14057,PDX,"Portland, OR",92,1521,-9,0,2240,-15,0,0,1,11
2016,1,24,7,1/24/2016,HA,12173,HNL,"Honolulu, HI",2,14057,PDX,"Portland, OR",92,1530,0,0,2248,-7,0,0,1,11
2016,1,25,1,1/25/2016,HA,12173,HNL,"Honolulu, HI",2,14057,PDX,"Portland, OR",92,1537,7,0,2312,17,1,0,1,11
2016,1,26,2,1/26/2016,HA,12173,HNL,"Honolulu, HI",2,14057,PDX,"Portland, OR",92,1519,-11,0,2235,-20,0,0,1,11
2016,1,27,3,1/27/2016,HA,12173,HNL,"Honolulu, HI",2,14057,PDX,"Portland, OR",92,1523,-7,0,2222,-33,0,0,1,11
2016,1,28,4,1/28/2016,HA,12173,HNL,"Honolulu, HI",2,14057,PDX,"Portland, OR",92,1528,-2,0,2221,-34,0,0,1,11
2016,1,29,5,1/29/2016,HA,12892,LAX,"Los Angeles, CA",91,13830,OGG,"Kahului, HI",2,1050,-15,0,1436,-29,0,0,1,10
2016,1,30,6,1/30/2016,HA,12892,LAX,"Los Angeles, CA",91,13830,OGG,"Kahului, HI",2,1058,-7,0,1502,-3,0,0,1,10
2016,1,31,7,1/31/2016,HA,12892,LAX,"Los Angeles, CA",91,13830,OGG,"Kahului, HI",2,1103,-2,0,1520,15,1,0,1,10
2016,1,1,5,1/1/2016,HA,13830,OGG,"Kahului, HI",2,12892,LAX,"Los Angeles, CA",91,1612,-33,0,2342,-13,0,0,1,10
2016,1,2,6,1/2/2016,HA,13830,OGG,"Kahului, HI",2,12892,LAX,"Los Angeles, CA",91,1639,-6,0,2336,-19,0,0,1,10
2016,1,3,7,1/3/2016,HA,13830,OGG,"Kahului, HI",2,12892,LAX,"Los Angeles, CA",91,1643,-2,0,9,14,0,0,1,10
2016,1,4,1,1/4/2016,HA,13830,OGG,"Kahului, HI",2,12892,LAX,"Los Angeles, CA",91,1655,10,0,2338,-17,0,0,1,10
2016,1,5,2,1/5/2016,HA,13830,OGG,"Kahului, HI",2,12892,LAX,"Los Angeles, CA",91,1711,26,1,2343,-12,0,0,1,10
2016,1,6,3,1/6/2016,HA,13830,OGG,"Kahului, HI",2,12892,LAX,"Los Angeles, CA",91,1755,70,1,24,29,1,0,1,10
2016,1,7,4,1/7/2016,HA,13830,OGG,"Kahului, HI",2,12892,LAX,"Los Angeles, CA",91,1645,0,0,2340,-15,0,0,1,10
2016,1,8,5,1/8/2016,HA,13830,OGG,"Kahului, HI",2,12892,LAX,"Los Angeles, CA",91,1645,0,0,2339,-16,0,0,1,10
2016,1,9,6,1/9/2016,HA,13830,OGG,"Kahului, HI",2,12892,LAX,"Los Angeles, CA",91,1638,-7,0,2318,-37,0,0,1,10
2016,1,10,7,1/10/2016,HA,13830,OGG,"Kahului, HI",2,12892,LAX,"Los Angeles, CA",91,1645,0,0,2334,-21,0,0,1,10
2016,1,11,1,1/11/2016,HA,13830,OGG,"Kahului, HI",2,12892,LAX,"Los Angeles, CA",91,1641,-4,0,2329,-26,0,0,1,10
2016,1,12,2,1/12/2016,HA,13830,OGG,"Kahului, HI",2,12892,LAX,"Los Angeles, CA",91,1641,-4,0,2317,-38,0,0,1,10
2016,1,13,3,1/13/2016,HA,13830,OGG,"Kahului, HI",2,12892,LAX,"Los Angeles, CA",91,1642,-3,0,2341,-14,0,0,1,10
2016,1,14,4,1/14/2016,HA,13830,OGG,"Kahului, HI",2,12892,LAX,"Los Angeles, CA",91,1642,-3,0,2340,-15,0,0,1,10
2016,1,15,5,1/15/2016,HA,13830,OGG,"Kahului, HI",2,12892,LAX,"Los Angeles, CA",91,1645,0,0,2331,-24,0,0,1,10
2016,1,16,6,1/16/2016,HA,13830,OGG,"Kahului, HI",2,12892,LAX,"Los Angeles, CA",91,1637,-8,0,2326,-29,0,0,1,10
2016,1,17,7,1/17/2016,HA,13830,OGG,"Kahului, HI",2,12892,LAX,"Los Angeles, CA",91,1704,19,1,2346,-9,0,0,1,10
2016,1,18,1,1/18/2016,HA,13830,OGG,"Kahului, HI",2,12892,LAX,"Los Angeles, CA",91,1642,-3,0,2327,-28,0,0,1,10
2016,1,19,2,1/19/2016,OO,14696,SBN,"South Bend, IN",42,10397,ATL,"Atlanta, GA",34,1250,50,1,1428,29,1,0,1,3
2016,1,7,4,1/7/2016,OO,14696,SBN,"South Bend, IN",42,10397,ATL,"Atlanta, GA",34,1218,18,1,1406,7,0,0,1,3
2016,1,24,7,1/24/2016,OO,14696,SBN,"South Bend, IN",42,10397,ATL,"Atlanta, GA",34,1207,7,0,1357,-2,0,0,1,3
2016,1,10,7,1/10/2016,OO,14696,SBN,"South Bend, IN",42,10397,ATL,"Atlanta, GA",34,,,,,,,1,1,3
2016,1,20,3,1/20/2016,OO,14696,SBN,"South Bend, IN",42,10397,ATL,"Atlanta, GA",34,1210,10,0,1423,24,1,0,1,3
2016,1,11,1,1/11/2016,OO,14696,SBN,"South Bend, IN",42,10397,ATL,"Atlanta, GA",34,1320,80,1,1443,44,1,0,1,3
2016,1,2,6,1/2/2016,OO,14869,SLC,"Salt Lake City, UT",87,12266,IAH,"Houston, TX",74,2000,5,0,2352,-7,0,0,1,5
2016,1,4,1,1/4/2016,OO,14869,SLC,"Salt Lake City, UT",87,12266,IAH,"Houston, TX",74,2005,10,0,1,2,0,0,1,5
2016,1,1,5,1/1/2016,OO,14869,SLC,"Salt Lake City, UT",87,12266,IAH,"Houston, TX",74,1952,-3,0,2330,-29,0,0,1,5
2016,1,3,7,1/3/2016,OO,14869,SLC,"Salt Lake City, UT",87,12266,IAH,"Houston, TX",74,2054,59,1,51,52,1,0,1,5
2016,1,17,7,1/17/2016,OO,10849,BZN,"Bozeman, MT",84,14747,SEA,"Seattle, WA",93,551,-9,0,710,3,0,0,1,3
2016,1,3,7,1/3/2016,OO,11003,CID,"Cedar Rapids/Iowa City, IA",61,11433,DTW,"Detroit, MI",43,623,-2,0,855,-15,0,0,1,2
2016,1,30,6,1/30/2016,OO,11433,DTW,"Detroit, MI",43,11977,GRB,"Green Bay, WI",45,902,-4,0,918,-14,0,0,1,2
2016,1,23,6,1/23/2016,OO,11433,DTW,"Detroit, MI",43,11977,GRB,"Green Bay, WI",45,857,-9,0,907,-25,0,0,1,2
2016,1,9,6,1/9/2016,OO,11433,DTW,"Detroit, MI",43,11977,GRB,"Green Bay, WI",45,927,21,1,1008,36,1,0,1,2
2016,1,23,6,1/23/2016,OO,11977,GRB,"Green Bay, WI",45,11433,DTW,"Detroit, MI",43,1200,-10,0,1407,-20,0,0,1,2
2016,1,9,6,1/9/2016,OO,11977,GRB,"Green Bay, WI",45,11433,DTW,"Detroit, MI",43,1207,-3,0,1414,-13,0,0,1,2
2016,1,30,6,1/30/2016,OO,11977,GRB,"Green Bay, WI",45,11433,DTW,"Detroit, MI",43,1205,-5,0,1409,-18,0,0,1,2
2016,1,4,1,1/4/2016,OO,14747,SEA,"Seattle, WA",93,14893,SMF,"Sacramento, CA",91,750,-5,0,942,-3,0,0,1,3
2016,1,2,6,1/2/2016,OO,14747,SEA,"Seattle, WA",93,14893,SMF,"Sacramento, CA",91,759,4,0,1015,30,1,0,1,3
2016,1,16,6,1/16/2016,OO,14869,SLC,"Salt Lake City, UT",87,12266,IAH,"Houston, TX",74,1657,-3,0,2035,-24,0,0,1,5
2016,1,1,5,1/1/2016,OO,13184,MBS,"Saginaw/Bay City/Midland, MI",43,11433,DTW,"Detroit, MI",43,1018,-7,0,1127,4,0,0,1,1
2016,1,2,6,1/2/2016,OO,13871,OMA,"Omaha, NE",65,14869,SLC,"Salt Lake City, UT",87,604,-1,0,754,2,0,0,1,4
2016,1,4,1,1/4/2016,OO,13871,OMA,"Omaha, NE",65,14869,SLC,"Salt Lake City, UT",87,604,-1,0,732,-22,0,0,1,4
2016,1,3,7,1/3/2016,OO,13871,OMA,"Omaha, NE",65,14869,SLC,"Salt Lake City, UT",87,1553,588,1,1712,558,1,0,1,4
2016,1,16,6,1/16/2016,OO,14831,SJC,"San Jose, CA",91,12892,LAX,"Los Angeles, CA",91,1826,-5,0,1940,-18,0,0,1,2
2016,1,21,4,1/21/2016,OO,14869,SLC,"Salt Lake City, UT",87,14683,SAT,"San Antonio, TX",74,2007,-3,0,7,11,0,0,1,5
2016,1,5,2,1/5/2016,OO,14869,SLC,"Salt Lake City, UT",87,14683,SAT,"San Antonio, TX",74,2037,27,1,16,20,1,0,1,5
2016,1,13,3,1/13/2016,OO,14869,SLC,"Salt Lake City, UT",87,14683,SAT,"San Antonio, TX",74,2020,10,0,3,7,0,0,1,5
2016,1,15,5,1/15/2016,OO,14869,SLC,"Salt Lake City, UT",87,14683,SAT,"San Antonio, TX",74,2015,5,0,14,18,1,0,1,5
2016,1,14,4,1/14/2016,OO,14869,SLC,"Salt Lake City, UT",87,14683,SAT,"San Antonio, TX",74,2053,43,1,29,33,1,0,1,5
2016,1,12,2,1/12/2016,OO,14869,SLC,"Salt Lake City, UT",87,14683,SAT,"San Antonio, TX",74,2040,30,1,29,33,1,0,1,5
2016,1,9,6,1/9/2016,OO,14869,SLC,"Salt Lake City, UT",87,14683,SAT,"San Antonio, TX",74,2022,12,0,3,9,0,0,1,5
2016,1,18,1,1/18/2016,OO,14869,SLC,"Salt Lake City, UT",87,14683,SAT,"San Antonio, TX",74,2103,53,1,41,45,1,0,1,5
2016,1,8,5,1/8/2016,OO,14869,SLC,"Salt Lake City, UT",87,14683,SAT,"San Antonio, TX",74,2013,3,0,6,10,0,0,1,5
2016,1,29,5,1/29/2016,OO,14869,SLC,"Salt Lake City, UT",87,14683,SAT,"San Antonio, TX",74,2214,124,1,210,134,1,0,1,5
2016,1,31,7,1/31/2016,OO,14869,SLC,"Salt Lake City, UT",87,14683,SAT,"San Antonio, TX",74,2020,10,0,2354,-2,0,0,1,5
2016,1,28,4,1/28/2016,OO,14869,SLC,"Salt Lake City, UT",87,14683,SAT,"San Antonio, TX",74,2000,-10,0,2337,-19,0,0,1,5
2016,1,24,7,1/24/2016,OO,14869,SLC,"Salt Lake City, UT",87,14683,SAT,"San Antonio, TX",74,2006,-4,0,2353,-3,0,0,1,5
2016,1,26,2,1/26/2016,OO,14869,SLC,"Salt Lake City, UT",87,14683,SAT,"San Antonio, TX",74,2008,-2,0,2347,-9,0,0,1,5
2016,1,11,1,1/11/2016,OO,14869,SLC,"Salt Lake City, UT",87,14683,SAT,"San Antonio, TX",74,2007,-3,0,10,14,0,0,1,5
2016,1,23,6,1/23/2016,OO,14869,SLC,"Salt Lake City, UT",87,14683,SAT,"San Antonio, TX",74,2009,-1,0,21,27,1,0,1,5
2016,1,7,4,1/7/2016,OO,14869,SLC,"Salt Lake City, UT",87,14683,SAT,"San Antonio, TX",74,2308,178,1,326,210,1,0,1,5
2016,1,30,6,1/30/2016,OO,14869,SLC,"Salt Lake City, UT",87,14683,SAT,"San Antonio, TX",74,2002,-8,0,2342,-12,0,0,1,5
2016,1,17,7,1/17/2016,OO,14869,SLC,"Salt Lake City, UT",87,14683,SAT,"San Antonio, TX",74,2005,-5,0,2331,-25,0,0,1,5
2016,1,19,2,1/19/2016,OO,14869,SLC,"Salt Lake City, UT",87,14683,SAT,"San Antonio, TX",74,2004,-6,0,2337,-19,0,0,1,5
2016,1,22,5,1/22/2016,OO,14869,SLC,"Salt Lake City, UT",87,14683,SAT,"San Antonio, TX",74,2005,-5,0,2336,-20,0,0,1,5
2016,1,27,3,1/27/2016,OO,14869,SLC,"Salt Lake City, UT",87,14683,SAT,"San Antonio, TX",74,2006,-4,0,2,6,0,0,1,5
2016,1,20,3,1/20/2016,OO,14869,SLC,"Salt Lake City, UT",87,14683,SAT,"San Antonio, TX",74,2005,-5,0,2334,-22,0,0,1,5
2016,1,6,3,1/6/2016,OO,14869,SLC,"Salt Lake City, UT",87,14683,SAT,"San Antonio, TX",74,2157,107,1,134,98,1,0,1,5
2016,1,10,7,1/10/2016,OO,14869,SLC,"Salt Lake City, UT",87,14683,SAT,"San Antonio, TX",74,2205,115,1,159,123,1,0,1,5
2016,1,25,1,1/25/2016,OO,14869,SLC,"Salt Lake City, UT",87,14683,SAT,"San Antonio, TX",74,2010,0,0,2,6,0,0,1,5
2016,1,10,7,1/10/2016,OO,13342,MKE,"Milwaukee, WI",45,11193,CVG,"Cincinnati, OH",52,1243,-1,0,1512,11,0,0,1,2
2016,1,1,5,1/1/2016,OO,14831,SJC,"San Jose, CA",91,14869,SLC,"Salt Lake City, UT",87,1625,-6,0,1909,-17,0,0,1,3
2016,1,26,2,1/26/2016,OO,14831,SJC,"San Jose, CA",91,14869,SLC,"Salt Lake City, UT",87,1626,-6,0,1912,-16,0,0,1,3
2016,1,19,2,1/19/2016,OO,14831,SJC,"San Jose, CA",91,14869,SLC,"Salt Lake City, UT",87,1624,-8,0,1910,-18,0,0,1,3
2016,1,21,4,1/21/2016,OO,14831,SJC,"San Jose, CA",91,14869,SLC,"Salt Lake City, UT",87,1629,-3,0,1910,-18,0,0,1,3
2016,1,25,1,1/25/2016,OO,14831,SJC,"San Jose, CA",91,14869,SLC,"Salt Lake City, UT",87,1623,-9,0,1919,-9,0,0,1,3
2016,1,27,3,1/27/2016,OO,14831,SJC,"San Jose, CA",91,14869,SLC,"Salt Lake City, UT",87,1619,-13,0,1917,-11,0,0,1,3
2016,1,11,1,1/11/2016,OO,14831,SJC,"San Jose, CA",91,14869,SLC,"Salt Lake City, UT",87,1627,-5,0,1909,-19,0,0,1,3
2016,1,5,2,1/5/2016,OO,14831,SJC,"San Jose, CA",91,14869,SLC,"Salt Lake City, UT",87,1628,-4,0,1909,-19,0,0,1,3
2016,1,22,5,1/22/2016,OO,14831,SJC,"San Jose, CA",91,14869,SLC,"Salt Lake City, UT",87,1636,4,0,1906,-22,0,0,1,3
2016,1,17,7,1/17/2016,OO,14831,SJC,"San Jose, CA",91,14869,SLC,"Salt Lake City, UT",87,1634,2,0,1907,-18,0,0,1,3
2016,1,14,4,1/14/2016,OO,14831,SJC,"San Jose, CA",91,14869,SLC,"Salt Lake City, UT",87,1754,82,1,2029,61,1,0,1,3
2016,1,12,2,1/12/2016,OO,14831,SJC,"San Jose, CA",91,14869,SLC,"Salt Lake City, UT",87,1628,-4,0,1907,-21,0,0,1,3
2016,1,28,4,1/28/2016,OO,14831,SJC,"San Jose, CA",91,14869,SLC,"Salt Lake City, UT",87,1622,-10,0,1908,-20,0,0,1,3
2016,1,24,7,1/24/2016,OO,14831,SJC,"San Jose, CA",91,14869,SLC,"Salt Lake City, UT",87,1627,-5,0,1928,3,0,0,1,3
2016,1,15,5,1/15/2016,OO,14831,SJC,"San Jose, CA",91,14869,SLC,"Salt Lake City, UT",87,1628,-4,0,1955,27,1,0,1,3
2016,1,20,3,1/20/2016,OO,14831,SJC,"San Jose, CA",91,14869,SLC,"Salt Lake City, UT",87,1623,-9,0,1907,-21,0,0,1,3
2016,1,23,6,1/23/2016,OO,14831,SJC,"San Jose, CA",91,14869,SLC,"Salt Lake City, UT",87,1629,-3,0,1926,1,0,0,1,3
2016,1,31,7,1/31/2016,OO,14831,SJC,"San Jose, CA",91,14869,SLC,"Salt Lake City, UT",87,1630,-2,0,1916,-9,0,0,1,3
2016,1,7,4,1/7/2016,OO,14831,SJC,"San Jose, CA",91,14869,SLC,"Salt Lake City, UT",87,2214,342,1,131,363,1,0,1,3
2016,1,2,6,1/2/2016,OO,14831,SJC,"San Jose, CA",91,14869,SLC,"Salt Lake City, UT",87,1617,-8,0,1902,-18,0,0,1,3
2016,1,13,3,1/13/2016,OO,14831,SJC,"San Jose, CA",91,14869,SLC,"Salt Lake City, UT",87,1635,3,0,1920,-8,0,0,1,3
2016,1,6,3,1/6/2016,OO,14831,SJC,"San Jose, CA",91,14869,SLC,"Salt Lake City, UT",87,1633,1,0,1927,-1,0,0,1,3
2016,1,3,7,1/3/2016,OO,14831,SJC,"San Jose, CA",91,14869,SLC,"Salt Lake City, UT",87,1636,7,0,1925,0,0,0,1,3
2016,1,18,1,1/18/2016,OO,14831,SJC,"San Jose, CA",91,14869,SLC,"Salt Lake City, UT",87,1647,15,1,1933,5,0,0,1,3
2016,1,9,6,1/9/2016,OO,14831,SJC,"San Jose, CA",91,14869,SLC,"Salt Lake City, UT",87,1636,4,0,1923,-2,0,0,1,3
2016,1,30,6,1/30/2016,OO,14831,SJC,"San Jose, CA",91,14869,SLC,"Salt Lake City, UT",87,1735,63,1,2015,50,1,0,1,3
2016,1,29,5,1/29/2016,OO,14831,SJC,"San Jose, CA",91,14869,SLC,"Salt Lake City, UT",87,1835,123,1,2135,127,1,0,1,3
2016,1,8,5,1/8/2016,OO,14831,SJC,"San Jose, CA",91,14869,SLC,"Salt Lake City, UT",87,1649,17,1,1945,17,1,0,1,3
2016,1,4,1,1/4/2016,OO,14831,SJC,"San Jose, CA",91,14869,SLC,"Salt Lake City, UT",87,1623,-6,0,1905,-20,0,0,1,3
2016,1,16,6,1/16/2016,OO,14869,SLC,"Salt Lake City, UT",87,14831,SJC,"San Jose, CA",91,1501,-4,0,1619,15,1,0,1,3
2016,1,22,5,1/22/2016,OO,14869,SLC,"Salt Lake City, UT",87,14831,SJC,"San Jose, CA",91,1457,-3,0,1608,11,0,0,1,3
2016,1,8,5,1/8/2016,OO,14869,SLC,"Salt Lake City, UT",87,14831,SJC,"San Jose, CA",91,1458,-2,0,1604,7,0,0,1,3
2016,1,2,6,1/2/2016,OO,14869,SLC,"Salt Lake City, UT",87,14831,SJC,"San Jose, CA",91,1456,-4,0,1550,-10,0,0,1,3
2016,1,26,2,1/26/2016,OO,14869,SLC,"Salt Lake City, UT",87,14831,SJC,"San Jose, CA",91,1453,-7,0,1542,-15,0,0,1,3
2016,1,12,2,1/12/2016,OO,14869,SLC,"Salt Lake City, UT",87,14831,SJC,"San Jose, CA",91,1458,-2,0,1555,-2,0,0,1,3
2016,1,21,4,1/21/2016,OO,14869,SLC,"Salt Lake City, UT",87,14831,SJC,"San Jose, CA",91,1457,-3,0,1554,-3,0,0,1,3
2016,1,5,2,1/5/2016,OO,14869,SLC,"Salt Lake City, UT",87,14831,SJC,"San Jose, CA",91,1455,-5,0,1552,-5,0,0,1,3
2016,1,28,4,1/28/2016,OO,14869,SLC,"Salt Lake City, UT",87,14831,SJC,"San Jose, CA",91,1453,-7,0,1551,-6,0,0,1,3
2016,1,14,4,1/14/2016,OO,14869,SLC,"Salt Lake City, UT",87,14831,SJC,"San Jose, CA",91,1637,97,1,1733,96,1,0,1,3
2016,1,29,5,1/29/2016,OO,14869,SLC,"Salt Lake City, UT",87,14831,SJC,"San Jose, CA",91,1707,127,1,1811,134,1,0,1,3
2016,1,17,7,1/17/2016,OO,14869,SLC,"Salt Lake City, UT",87,14831,SJC,"San Jose, CA",91,1506,6,0,1603,6,0,0,1,3
2016,1,3,7,1/3/2016,OO,14869,SLC,"Salt Lake City, UT",87,14831,SJC,"San Jose, CA",91,1524,24,1,1607,3,0,0,1,3
